ubigeo_distrito,nombre_distrito,poblacion,poblacion_ruteable,pct_sin_ruta,acceso_min_ponderado,n_centros_poblados
250103,IPARIA,13019.0,0.0,100.0,,35.0
250202,SEPAHUA,10892.4,0.0,100.0,,26.0
250203,TAHUANIA,8867.599999999999,0.0,100.0,,34.0
250204,YURUA,3760.8000000000006,0.0,100.0,,13.0
250401,PURUS,4429.299999999999,0.0,100.0,,27.0
050511,ORONCCOY,4655.3,545.7,88.28,129.42,12.0
050621,SANTA LUCIA,741.6999999999999,361.40000000000003,51.27,116.41,26.0
050411,PUCACOLPA,14695.2,4450.800000000001,69.71,111.23,23.0
050505,CHUNGUI,5052.7,3190.0,36.87,96.6,16.0
050609,LEONCIO PRADO,1374.2,701.7,48.94,94.35,42.0
050614,SAISA,941.0,453.3,51.83,91.6,28.0
250104,MASISEA,8905.099999999999,798.4,91.03,74.6,38.0
051106,INDEPENDENCIA,1549.5,1284.0,17.13,71.03,10.0
051004,ASQUIPATA,471.4,471.4,0.0,70.55,5.0
050902,BELEN,516.3,516.3,0.0,68.77,1.0
050708,UPAHUACHO,3200.5000000000005,860.5999999999999,73.11,61.31,45.0
050903,CHALCOS,826.8,625.4,24.36,58.28,5.0
050905,HUACAÑA,921.7,90.9,90.14,54.99,10.0
051103,CARHUANCA,1437.3,1437.3,0.0,54.86,9.0
050909,SAN SALVADOR DE QUIJE,1791.1,1081.6999999999998,39.61,48.12,13.0
051102,ACCOMARCA,1021.8,753.2,26.29,47.62,8.0
050618,SAN PEDRO DE PALCO,1706.3999999999996,604.4,64.58,47.41,85.0
050906,MORCOLLA,1246.6000000000001,609.4,51.12,46.4,19.0
200303,EL CARMEN DE LA FRONTERA,12336.4,7995.1,35.19,46.22,13.0
050205,PARAS,5094.799999999999,3339.2,34.46,45.74,96.0
050410,UCHURACCAY,4120.7,2856.0,30.69,45.16,23.0
051104,CONCEPCION,3075.3999999999996,3075.3999999999996,0.0,44.97,20.0
050612,OCAÑA,2433.3999999999996,1378.3999999999999,43.35,44.73,52.0
051003,APONGO,1259.1000000000001,958.1999999999999,23.9,43.38,12.0
200604,LANCONES,11920.500000000002,8478.000000000002,28.88,43.35,57.0
050617,SAN PEDRO,3224.6,2040.5,36.72,42.6,35.0
050904,CHILCAYOC,737.3000000000001,737.3000000000001,0.0,41.19,4.0
050506,LUIS CARRANZA,933.5,599.4,35.79,40.73,15.0
051008,HUAMANQUIQUIA,1515.0,970.9,35.91,40.55,17.0
050610,LLAUTA,1296.7,1171.2,9.68,40.45,25.0
200307,SONDOR,8305.699999999999,4208.7,49.33,40.26,14.0
200206,PACAIPAMPA,26183.999999999996,13102.699999999999,49.96,39.81,63.0
050602,AUCARA,5533.099999999999,2552.8999999999996,53.86,39.54,59.0
250201,RAIMONDI,39755.6,15211.1,61.74,38.81,83.0
050907,PAICO,692.3,287.20000000000005,58.52,38.67,7.0
051002,ALCAMENCA,2059.0,1780.6,13.52,38.56,10.0
050703,CORONEL CASTAÑEDA,2653.8999999999996,1477.3,44.33,37.53,31.0
051107,SAURAMA,1417.1999999999998,1417.1999999999998,0.0,37.31,4.0
051105,HUAMBALPA,1346.6000000000001,1235.2,8.27,36.98,12.0
050111,SANTIAGO DE PISCHA,3954.0,3657.8999999999996,7.49,36.75,14.0
050406,SANTILLANA,3827.7999999999993,2888.7,24.53,36.55,26.0
250106,NUEVA REQUENA,3614.8999999999996,312.3,91.36,35.72,13.0
050409,CANAYRE,4423.2,3030.0,31.5,35.32,6.0
050619,SANCOS,8803.4,6525.6,25.87,34.22,68.0
050807,PARARCA,767.1,404.5,47.27,33.96,3.0
050109,SAN JOSE DE TICLLAS,4040.7999999999997,4040.7999999999997,0.0,32.84,12.0
050502,ANCO,14052.399999999996,13070.199999999997,6.99,32.65,31.0
200304,HUARMACA,39800.0,33819.7,15.03,32.4,129.0
050304,SANTIAGO DE LUCANAMARCA,2590.9,929.6,64.12,31.11,60.0
050408,LLOCHEGUA,9779.5,7300.0,25.35,31.09,16.0
051011,SARHUA,2088.7999999999997,967.1,53.7,30.82,28.0
050803,CORCULLA,333.2,333.2,0.0,30.36,6.0
200201,AYABACA,35601.3,24861.2,30.17,29.49,92.0
050613,OTOCA,2895.0000000000005,2214.8000000000006,23.5,29.27,47.0
050402,AYAHUANCO,8926.3,2747.9,69.22,28.84,17.0
050303,SACSAMARCA,1647.7999999999995,517.6999999999999,68.58,27.98,61.0
050911,SORAS,1413.9,563.9,60.12,27.6,26.0
050908,SAN PEDRO DE LARCAY,1097.4,494.79999999999995,54.91,27.58,13.0
050705,PULLO,5644.800000000001,4216.8,25.3,27.19,63.0
200408,SANTA CATALINA DE MOSSA,3650.3,3650.3,0.0,27.14,12.0
050301,SANCOS,3799.9000000000005,1602.2000000000003,57.84,26.6,91.0
050606,CHIPAO,3831.3,1836.3,52.07,25.89,64.0
050611,LUCANAS,4742.799999999999,2606.1,45.05,25.75,145.0
200308,SONDORILLO,9073.9,8520.099999999999,6.1,25.66,15.0
200202,FRIAS,23874.900000000005,15918.300000000001,33.33,25.54,51.0
051007,COLCA,1096.4,1096.4,0.0,25.32,14.0
050802,COLTA,1122.6,360.5,67.89,25.24,8.0
050510,ANCHIHUAY,3885.5000000000005,1931.3999999999999,50.29,25.03,17.0
200210,SUYO,13081.8,10389.999999999998,20.58,24.41,40.0
050105,CHIARA,7148.400000000001,6045.4,15.43,24.16,27.0
050302,CARAPO,2369.2000000000007,1639.4,30.8,24.0,43.0
200302,CANCHAQUE,7997.9,6589.9,17.6,23.95,21.0
050810,SARA SARA,514.0999999999999,424.09999999999997,17.51,23.94,4.0
200410,YAMANGO,9578.199999999999,7744.1,19.15,22.68,22.0
200208,SAPILLICA,11049.0,7898.7,28.51,22.26,25.0
050910,SANTIAGO DE PAUCARAY,688.0999999999999,520.5,24.36,22.17,13.0
200305,LALAQUIZ,3645.1000000000004,3645.1000000000004,0.0,22.01,16.0
050114,VINCHOS,16835.9,15146.800000000001,10.03,21.9,82.0
250305,ALEXANDER VON HUMBOLDT,5408.4,5408.4,0.0,21.74,4.0
050809,SAN JOSE DE USHUA,214.8,194.2,9.59,21.21,4.0
200203,JILILI,1473.2,1473.2,0.0,21.04,7.0
200306,SAN MIGUEL DE EL FAIQUE,9672.1,9672.1,0.0,20.94,17.0
050106,OCROS,6342.3,6146.2,3.09,20.77,36.0
250301,PADRE ABAD,29006.899999999998,15231.3,47.49,19.8,36.0
051012,VILCANCHOS,2715.0,1379.9,49.17,19.75,52.0
050605,CHAVIÑA,2278.5,2072.6000000000004,9.04,19.64,41.0
051009,HUANCARAYLLA,623.1,204.2,67.23,19.27,20.0
050112,SOCOS,9054.000000000002,9054.000000000002,0.0,19.06,17.0
250302,IRAZOLA,16958.5,12584.8,25.79,18.86,27.0
050608,LARAMATE,1520.1000000000001,765.8999999999999,49.62,18.67,60.0
200204,LAGUNAS,6268.3,4422.3,29.45,18.54,15.0
050504,CHILCAS,3002.7,2152.6,28.31,18.31,14.0
050702,CHUMPI,3050.0000000000005,2579.1000000000004,15.44,18.14,29.0
050615,SAN CRISTOBAL,2398.6,1240.0000000000002,48.3,17.46,27.0
200209,SICCHEZ,1934.3,1934.3,0.0,17.26,10.0
050412,CHACA,1798.6000000000001,1144.8,36.35,16.93,11.0
050102,ACOCRO,11430.1,9951.1,12.94,16.73,30.0
200409,SANTO DOMINGO,7555.400000000001,7165.9,5.16,16.39,17.0
200801,SECHURA,48877.9,20917.8,57.2,16.29,25.0
250304,NESHUYA,7059.599999999999,7059.599999999999,0.0,16.02,14.0
050407,SIVIA,13290.3,9322.8,29.85,15.51,39.0
050103,ACOS VINCHOS,7390.100000000001,6711.5,9.18,15.45,17.0
051108,VISCHONGO,4767.8,4593.3,3.66,15.36,21.0
050202,CHUSCHI,7287.099999999999,5727.999999999999,21.4,15.13,29.0
050206,TOTOS,3443.6,3157.5,8.31,14.88,27.0
050607,HUAC-HUAS,2761.7000000000007,1971.7000000000005,28.61,14.58,46.0
050701,CORACORA,16814.399999999998,12321.0,26.72,14.51,125.0
050620,SANTA ANA DE HUAYCAHUACHO,610.0,431.1,29.33,14.37,3.0
200804,CRISTO NOS VALGA,5513.4,5513.4,0.0,14.17,5.0
250303,CURIMANA,10037.900000000001,4052.3999999999996,59.63,13.81,14.0
200704,LOBITOS,3021.3,1548.6,48.74,13.8,3.0
050404,IGUAIN,3526.2,3526.2,0.0,13.7,10.0
200407,SAN JUAN DE BIGOTE,6020.2,6020.2,0.0,13.51,13.0
050707,SAN FRANCISCO DE RAVACAYCO,1763.6000000000001,1430.0000000000002,18.92,13.49,17.0
050616,SAN JUAN,1819.2,1819.2,0.0,13.31,11.0
250102,CAMPOVERDE,13094.3,12731.3,2.77,13.16,29.0
200301,HUANCABAMBA,28915.699999999997,27223.6,5.85,13.15,31.0
050503,AYNA,10207.6,9703.0,4.94,13.15,18.0
050113,TAMBILLO,5508.2,5316.0,3.49,12.91,17.0
051101,VILCAS HUAMAN,8256.6,8003.6,3.06,12.87,31.0
050603,CABANA,6334.2,4532.400000000001,28.45,12.46,27.0
050508,TAMBO,21219.000000000004,18944.4,10.72,12.33,27.0
050901,QUEROBAMBA,2288.3,2051.2000000000003,10.36,12.24,27.0
050604,CARMEN SALCEDO,4763.3,1918.2999999999997,59.73,12.0,21.0
050808,SAN JAVIER DE ALPABAMBA,363.9,172.0,52.73,11.44,6.0
200114,TAMBO GRANDE,129014.40000000002,125195.1,2.96,11.43,67.0
050804,LAMPA,2797.1000000000004,2231.8,20.21,11.1,13.0
200504,COLAN,15255.2,15255.2,0.0,10.53,6.0
050501,SAN MIGUEL,12484.099999999999,11156.599999999999,10.63,10.5,34.0
050203,LOS MOROCHUCOS,7637.0999999999985,7294.499999999999,4.49,10.3,43.0
200404,LA MATANZA,10709.9,8617.5,19.54,10.25,13.0
200111,LAS LOMAS,24455.3,23454.4,4.09,10.12,27.0
200605,MARCAVELICA,22956.699999999997,21941.3,4.42,9.68,29.0
050201,CANGALLO,7141.4,6790.1,4.92,9.62,27.0
051010,HUALLA,3382.0000000000005,2087.5,38.28,9.61,28.0
200406,SALITRAL,6683.800000000001,6216.800000000001,6.99,9.4,7.0
050706,PUYUSCA,1850.0,1063.9,42.49,9.33,21.0
050806,OYOLO,1204.3000000000002,477.19999999999993,60.38,9.27,28.0
051006,CAYARA,1171.3999999999999,808.4000000000001,30.99,9.14,9.0
200205,MONTERO,6175.5,4818.199999999999,21.98,9.08,16.0
200403,CHALACO,7355.6,5557.8,24.44,8.79,20.0
050108,QUINUA,7096.9,7096.9,0.0,8.65,20.0
200207,PAIMAS,10861.699999999999,8739.800000000001,19.54,8.63,16.0
200107,CURA MORI,21165.600000000002,19953.8,5.73,8.09,10.0
051001,HUANCAPI,1980.6,1218.1000000000001,38.5,8.04,40.0
050509,SAMUGARI,5972.700000000001,4980.6,16.61,7.97,17.0
050204,MARIA PARADO DE BELLIDO,2746.5,2321.6,15.47,7.8,21.0
200110,LA UNION,27577.700000000004,27577.700000000004,0.0,7.78,10.0
051005,CANARIA,4132.0,3432.2000000000003,16.94,7.73,47.0
200108,EL TALLAN,4817.5,4817.5,0.0,7.52,3.0
200405,MORROPON,15264.7,15264.7,0.0,7.46,11.0
200507,VICHAYAL,5283.9,5283.9,0.0,7.37,5.0
200402,BUENOS AIRES,8319.3,8319.3,0.0,7.12,8.0
050107,PACAYCASA,2308.1,2308.1,0.0,7.04,5.0
200105,CATACAOS,53136.799999999996,49279.299999999996,7.26,7.01,23.0
050405,LURICOCHA,4845.299999999999,4527.5,6.56,6.9,22.0
050403,HUAMANGUILLA,5496.300000000001,5496.300000000001,0.0,6.88,13.0
050507,SANTA ROSA,12031.9,9498.9,21.05,6.88,15.0
200606,MIGUEL CHECA,8256.1,8256.1,0.0,6.8,4.0
200803,BERNAL,6028.700000000001,6028.700000000001,0.0,6.62,6.0
050601,PUQUIO,14437.4,11719.900000000003,18.82,6.35,81.0
050805,MARCABAMBA,1083.3000000000002,783.4000000000001,27.68,6.15,7.0
200109,LA ARENA,36715.50000000001,36715.50000000001,0.0,5.76,15.0
200806,RINCONADA LLICUAR,5591.0,5591.0,0.0,5.65,3.0
200401,CHULUCANAS,72720.30000000002,71545.0,1.62,5.58,31.0
200607,QUERECOTILLO,27022.2,26448.5,2.12,5.46,13.0
200805,VICE,13400.3,10406.8,22.34,4.89,6.0
200502,AMOTAPE,2719.7000000000003,2719.7000000000003,0.0,4.87,3.0
250105,YARINACOCHA,168646.2,162897.9,3.41,4.28,32.0
200505,LA HUACA,11885.7,11610.2,2.32,3.98,9.0
050704,PACAPAUSA,4245.2,2469.1,41.84,3.93,12.0
050401,HUANTA,53421.29999999999,52883.799999999996,1.01,3.85,29.0
200603,IGNACIO ESCUDERO,23156.800000000003,20533.5,11.33,3.73,10.0
200703,LA BREA,7442.5,6825.4,8.29,3.73,10.0
250107,MANANTAY,80784.09999999999,78413.6,2.93,3.65,20.0
200104,CASTILLA,125510.99999999999,123479.0,1.62,3.54,20.0
200705,LOS ORGANOS,9883.3,9883.3,0.0,3.14,5.0
250101,CALLERIA,150611.8,127034.90000000001,15.65,2.94,58.0
200601,SULLANA,202607.69999999998,200336.6,1.12,2.92,34.0
200701,PARIÑAS,80493.0,77498.99999999999,3.72,2.9,30.0
200501,PAITA,96401.7,96401.7,0.0,2.56,9.0
050801,PAUSA,2612.1,2366.4,9.41,2.53,10.0
050115,JESUS NAZARENO,18280.6,18280.6,0.0,2.46,9.0
200101,PIURA,169408.09999999995,169408.09999999995,0.0,2.39,30.0
050116,ANDRES AVELINO CACERES DORREGARAY,36663.8,36663.8,0.0,2.32,7.0
050110,SAN JUAN BAUTISTA,75762.7,75762.7,0.0,2.32,10.0
200608,SALITRAL,8387.6,8387.6,0.0,2.11,6.0
200802,BELLAVISTA DE LA UNION,18872.600000000002,18872.600000000002,0.0,2.03,3.0
050104,CARMEN ALTO,28181.699999999997,28181.699999999997,0.0,1.63,6.0
200503,ARENAL,1433.6999999999998,1433.6999999999998,0.0,1.54,2.0
050101,AYACUCHO,53826.899999999994,53826.899999999994,0.0,1.53,24.0
200115,VEINTISEIS DE OCTUBRE,180843.70000000004,180843.70000000004,0.0,1.45,14.0
200506,TAMARINDO,3368.5,3368.5,0.0,0.85,2.0
200602,BELLAVISTA,25390.2,25390.2,0.0,0.76,2.0
200706,MANCORA,11845.400000000001,11845.400000000001,0.0,0.64,2.0
200702,EL ALTO,4133.2,3587.8,13.2,0.3,2.0
