UBIGEO,NOMCP,DEP,DIST
230109,Puerto Morro Sama,TACNA,SAMA
230101,Hidrobiologicos El Pacifico,TACNA,TACNA
180301,Promuvi I,MOQUEGUA,ILO
180303,San Juan de Fundicion,MOQUEGUA,PACOCHA
180301,Puerto Ingles,MOQUEGUA,ILO
180101,Espejos,MOQUEGUA,MOQUEGUA
180101,Trapiche,MOQUEGUA,MOQUEGUA
180101,Quebrada de Calaluna,MOQUEGUA,MOQUEGUA
180101,Tamayo,MOQUEGUA,MOQUEGUA
180101,Pampas de San Antonio,MOQUEGUA,MOQUEGUA
180101,San Pedro,MOQUEGUA,MOQUEGUA
180101,Condeza Alta,MOQUEGUA,MOQUEGUA
180101,Copocrop,MOQUEGUA,MOQUEGUA
180101,Siglo Xxi,MOQUEGUA,MOQUEGUA
180101,Pampa Blanca,MOQUEGUA,MOQUEGUA
180101,Quebrada Del Mono,MOQUEGUA,MOQUEGUA
180101,Omo Chico,MOQUEGUA,MOQUEGUA
180101,Zapata,MOQUEGUA,MOQUEGUA
180101,El Conde,MOQUEGUA,MOQUEGUA
180101,Montalvo,MOQUEGUA,MOQUEGUA
180101,Sacata,MOQUEGUA,MOQUEGUA
180101,Virgen Del Carmen,MOQUEGUA,MOQUEGUA
180101,Monteblanco,MOQUEGUA,MOQUEGUA
180101,Cambrune,MOQUEGUA,MOQUEGUA
180101,Soledad,MOQUEGUA,MOQUEGUA
180101,Homo,MOQUEGUA,MOQUEGUA
180101,La Cuevita,MOQUEGUA,MOQUEGUA
180101,Tapia,MOQUEGUA,MOQUEGUA
180101,El Palmo Hacienda,MOQUEGUA,MOQUEGUA
180101,San Jose,MOQUEGUA,MOQUEGUA
180101,Santa Ana,MOQUEGUA,MOQUEGUA
180101,Taquila,MOQUEGUA,MOQUEGUA
180101,Garbanzal,MOQUEGUA,MOQUEGUA
180101,Cruz Verde Hacienda,MOQUEGUA,MOQUEGUA
180101,Hacienda Garibaldi,MOQUEGUA,MOQUEGUA
180101,Quebrada de San Antonio,MOQUEGUA,MOQUEGUA
180101,Bentrellata,MOQUEGUA,MOQUEGUA
180101,Palomar,MOQUEGUA,MOQUEGUA
180101,Villalobos,MOQUEGUA,MOQUEGUA
180101,La Condeza Hacienda,MOQUEGUA,MOQUEGUA
180101,Mono,MOQUEGUA,MOQUEGUA
180101,Mayorazgo,MOQUEGUA,MOQUEGUA
180101,Corpanto / Corpanto Chico,MOQUEGUA,MOQUEGUA
180101,Corpanto Artieda,MOQUEGUA,MOQUEGUA
180101,Santo Domingo,MOQUEGUA,MOQUEGUA
180101,Pacae,MOQUEGUA,MOQUEGUA
180101,Chincha,MOQUEGUA,MOQUEGUA
180101,Churrucos,MOQUEGUA,MOQUEGUA
180101,El Molle,MOQUEGUA,MOQUEGUA
180101,Corpanto Pomareda,MOQUEGUA,MOQUEGUA
180101,La Bodeguilla Hacienda,MOQUEGUA,MOQUEGUA
180101,El Yaral,MOQUEGUA,MOQUEGUA
180101,Rodriguez Piedra,MOQUEGUA,MOQUEGUA
180101,Tres Quebradas,MOQUEGUA,MOQUEGUA
180101,Testamento,MOQUEGUA,MOQUEGUA
180101,Cupine,MOQUEGUA,MOQUEGUA
180101,San Antonio Hacienda,MOQUEGUA,MOQUEGUA
180101,Sacatita,MOQUEGUA,MOQUEGUA
180101,Las Flores,MOQUEGUA,MOQUEGUA
180101,San Julian,MOQUEGUA,MOQUEGUA
180101,Los Angulo,MOQUEGUA,MOQUEGUA
180101,Sorzano,MOQUEGUA,MOQUEGUA
180101,Majuelo,MOQUEGUA,MOQUEGUA
180101,Calaluna,MOQUEGUA,MOQUEGUA
180101,Chamos,MOQUEGUA,MOQUEGUA
180101,Corpanto Ghersi,MOQUEGUA,MOQUEGUA
180101,La Pampa,MOQUEGUA,MOQUEGUA
180101,Hacienda Grande,MOQUEGUA,MOQUEGUA
180101,La Merced,MOQUEGUA,MOQUEGUA
180101,Ramadon,MOQUEGUA,MOQUEGUA
180101,Testamentos,MOQUEGUA,MOQUEGUA
180101,Asociacion Pachas,MOQUEGUA,MOQUEGUA
180101,Altillo,MOQUEGUA,MOQUEGUA
180101,Tocino Montalvo,MOQUEGUA,MOQUEGUA
180101,Jose Carlos Mariategui,MOQUEGUA,MOQUEGUA
180101,Belen,MOQUEGUA,MOQUEGUA
180101,San Antonio,MOQUEGUA,MOQUEGUA
180101,Lucumbilla Hacienda,MOQUEGUA,MOQUEGUA
180101,Chiribayos,MOQUEGUA,MOQUEGUA
180101,Las Lechuzas,MOQUEGUA,MOQUEGUA
180101,Trapiche,MOQUEGUA,MOQUEGUA
210405,Tupo Uncalliri,PUNO,PISACOMA
211307,Ina,PUNO,UNICACHI
210104,Isla,PUNO,ATUNCOLLA
210108,Allan Mocco,PUNO,HUATA
210108,Kapy Cruz,PUNO,HUATA
210101,Uros Tribuna,PUNO,PUNO
210101,Uros Santa Maria,PUNO,PUNO
210101,Jirata Viscachuni,PUNO,PUNO
210101,Isla Esteves,PUNO,PUNO
210101,Isla Sumac Pacha,PUNO,PUNO
210101,Isla Uros Wiñay Kollana,PUNO,PUNO
210101,Isla Wacawacani Grande,PUNO,PUNO
210101,Isla San Miguel,PUNO,PUNO
210101,Isla Santa Maria,PUNO,PUNO
210101,Isla Tribuna Kollas,PUNO,PUNO
210101,Isla Toranipata (Mamatorani),PUNO,PUNO
210101,Isla Totora,PUNO,PUNO
210101,Isla Waliki,PUNO,PUNO
210101,Isla Qota Marka San Miguel,PUNO,PUNO
210101,Isla Contiki San Miguel,PUNO,PUNO
210101,Isla Kontike,PUNO,PUNO
210101,Isla Chumi,PUNO,PUNO
210101,Isla Sin Nombre 1,PUNO,PUNO
210101,Isla Puma Utta,PUNO,PUNO
210101,Isla Sin Nombre 2,PUNO,PUNO
210101,Isla Paraiso,PUNO,PUNO
210101,Isla Suma Suyawi,PUNO,PUNO
210101,Isla San Pedro,PUNO,PUNO
210101,Isla Santa Maria 2,PUNO,PUNO
210101,Isla Tupire Escuela,PUNO,PUNO
210101,Isla Sin Nombre 6,PUNO,PUNO
210101,Isla Khanthati,PUNO,PUNO
210101,Isla Sin Nombre 5,PUNO,PUNO
210101,Isla Sin Nombre 3,PUNO,PUNO
210101,Isla Jachatata,PUNO,PUNO
210101,Isla Sin Nombre 4,PUNO,PUNO
210101,Isla Pachamana,PUNO,PUNO
210101,Isla Winay Totora,PUNO,PUNO
210101,Isla Santa Maria 1,PUNO,PUNO
210101,Isla Suma Ccapi Cruz,PUNO,PUNO
210101,Isla Aymara,PUNO,PUNO
210101,Isla Khana Uro,PUNO,PUNO
210101,Isla Uros Capital 2,PUNO,PUNO
210101,Isla Kamisaraki (Tupirmarka),PUNO,PUNO
210101,Isla Apu Inti Corazon,PUNO,PUNO
210101,Isla Uros Capital,PUNO,PUNO
210101,Isla Uros Amanecer,PUNO,PUNO
210101,Isla Chullo,PUNO,PUNO
210101,Isla Suma Kili,PUNO,PUNO
210101,Isla Q'Ota Uma,PUNO,PUNO
210101,Isla Uros Gaviota,PUNO,PUNO
210101,Isla Uros Chikito,PUNO,PUNO
210101,Isla Jiska Chaulla,PUNO,PUNO
210101,Isla Uros Jacha Challwa,PUNO,PUNO
210101,Isla Tupiri Corazon,PUNO,PUNO
210101,Uros Torani Pata,PUNO,PUNO
210108,Negroni,PUNO,HUATA
,Isla Ccapi Nativo,,
,Isla Suchi Chuyma,,
,Isla Suchi Marka,,
,Isla Suma Balsa,,
,Isla Suma Kurmi,,
,Isla Summa Willjta,,
,Isla Titino,,
,Isla Uros Arumtawi,,
,Isla Uros Corazon Del Lago,,
,Isla Uros Hanan Pacha,,
,Isla Uros Huayna Marca,,
,Isla Uros Kollana Corazon,,
,Isla Uros Machaq Marka,,
,Isla Uros Manco Capac,,
,Isla Uros Parihuana,,
,Isla Uros Quechua,,
,Isla Uros Samary,,
,Isla Uros Sol Y Luna,,
,Isla Uros Suma Chuyma Kantaw,,
,Isla Uros Suma Pankara,,
,Isla Uros Suma Sapi,,
,Isla Uros Tawantinsuyo,,
,Isla Uros Utama,,
,Isla Uros Wi-Ay Marka,,
,Isla Wiñay Pacha,,
,Santa Maria Eva,,
,Suchi Maya,,
,Isla Kantuta,,
,Isla Chujllita Corazon,,
,Isla Balista Corazon,,
,Isla Corazon Valiente,,
,Isla Iskaquili Corazon,,
,Isla Mauri,,
,Isla Titilaca Corazon,,
,Isla Uros Apu Kontiki,,
,Isla Uros Aruma Uros,,
,Isla Uros Chulluni San Pedro,,
,Isla Uros Corazon De Puma,,
,Isla Uros Inti Killa,,
,Isla Uros Lunita Corazon,,
,Isla Uros Mama Qota,,
,Isla Uros Muñayhuasi,,
,Isla Uros Pankarita Corazon,,
,Isla Uros Panqarita,,
,Isla Uros Puma,,
,Isla Uros Purimita Corazon,,
,Isla Uros Samaraña Uta Lodge,,
,Isla Uros Santa Maria Coyla,,
,Isla Uros Santa Maria Mallku,,
,Isla Uros Suma Marka,,
,Isla Uros Suma Paqari,,
,Isla Uros Sumapurimita,,
,Isla Uros Sumautita,,
,Isla Uros Tata Inti,,
,Isla Uros Tata Inti Santiago,,
,Isla Uros Tata Quile,,
,Isla Uros Taypikile,,
,Isla Uros Taypikile Corazon,,
,Isla Uros Tika Corazon,,
,Isla Uros Tikarani,,
,Isla Uros Titi Marka,,
,Isla Uros Titicaca Lodge,,
,Isla Uros Titicaca Longe Per,,
,Isla Uros Titikaka,,
,Isla Uros Totorero,,
,Isla Wiñay Titicaca,,
,Isla Uros Qhatany Lodge,,
210108,Titino,PUNO,HUATA
210108,Balsero,PUNO,HUATA
210108,Uros Titino,PUNO,HUATA
210108,Manco Capac,PUNO,HUATA
210108,Majano Grande,PUNO,HUATA
210902,Cijatane,PUNO,CONIMA
210902,Isla Soto,PUNO,CONIMA
210105,Titino,PUNO,CAPACHICA
210902,Lampayunis,PUNO,CONIMA
210101,Isla Kapi Cruz Grande - Sector Llachopuncco,PUNO,PUNO
210101,Isla Maccano,PUNO,PUNO
210105,Isla Ticonata,PUNO,CAPACHICA
210105,Isla Isañeta,PUNO,CAPACHICA
210101,Isla Llacho Punku,PUNO,PUNO
210105,Silacachi,PUNO,CAPACHICA
210105,Santa Maria,PUNO,CAPACHICA
210101,Isla Ccapi Los Uros,PUNO,PUNO
210106,Negrone,PUNO,CHUCUITO
210902,Cabrauyo,PUNO,CONIMA
210108,Majano Chico,PUNO,HUATA
,Isla Tata Llachu Punku,,
110304,Marmoceria,ICA,MARCONA
210608,Isla Huatasani,PUNO,VILQUE CHICO
210901,Chiruni Santa Elena,PUNO,MOHO
210901,Umajalso,PUNO,MOHO
210901,Capajache,PUNO,MOHO
210902,Isla Suasi,PUNO,CONIMA
210601,Roquichejepampa,PUNO,HUANCANE
210901,San Pedro de Uspique,PUNO,MOHO
210901,Molluyopampa,PUNO,MOHO
210901,Ticapata,PUNO,MOHO
,Isla San Pedro Juspique,,
210602,Callenuta Kantati Ururi,PUNO,COJATA
110505,Santa Rosa,ICA,PARACAS
110505,El Panteon,ICA,PARACAS
081002,Ccaccasique,CUSCO,ACCHA
080204,Tiquiña,CUSCO,MOSOC LLACTA
080204,Tactabamba,CUSCO,MOSOC LLACTA
080204,Chilcane,CUSCO,MOSOC LLACTA
080204,Iscuchaca,CUSCO,MOSOC LLACTA
080204,Pauchi Pampa,CUSCO,MOSOC LLACTA
110204,Los Angeles,ICA,CHINCHA BAJA
090613,Cunya Punta,HUANCAVELICA,SANTIAGO DE CHOCORVOS
090613,Lumitana,HUANCAVELICA,SANTIAGO DE CHOCORVOS
090613,Morococha,HUANCAVELICA,SANTIAGO DE CHOCORVOS
090613,Delachina,HUANCAVELICA,SANTIAGO DE CHOCORVOS
090613,Artesa,HUANCAVELICA,SANTIAGO DE CHOCORVOS
090613,Chaccra,HUANCAVELICA,SANTIAGO DE CHOCORVOS
090613,Cochac,HUANCAVELICA,SANTIAGO DE CHOCORVOS
090613,San Antonio de Tincocc Ullpacc,HUANCAVELICA,SANTIAGO DE CHOCORVOS
090613,Tincocc Ullpacc,HUANCAVELICA,SANTIAGO DE CHOCORVOS
090613,Tincocc (Tinocc),HUANCAVELICA,SANTIAGO DE CHOCORVOS
090613,Cruz Pata,HUANCAVELICA,SANTIAGO DE CHOCORVOS
090613,Ullpa,HUANCAVELICA,SANTIAGO DE CHOCORVOS
090613,Yucuncho,HUANCAVELICA,SANTIAGO DE CHOCORVOS
090613,San Juan De Ocoro,HUANCAVELICA,SANTIAGO DE CHOCORVOS
090613,Yuraccmachay,HUANCAVELICA,SANTIAGO DE CHOCORVOS
090613,Acchimachay,HUANCAVELICA,SANTIAGO DE CHOCORVOS
090613,Tunso,HUANCAVELICA,SANTIAGO DE CHOCORVOS
090613,Putja,HUANCAVELICA,SANTIAGO DE CHOCORVOS
030604,Olecpampa,APURIMAC,HUACCANA
030604,Torocro,APURIMAC,HUACCANA
030604,Saucepampa,APURIMAC,HUACCANA
030604,Paylahuantuna,APURIMAC,HUACCANA
030604,Quisuar,APURIMAC,HUACCANA
030604,Huiracocha Pampa,APURIMAC,HUACCANA
030604,Ahuayro,APURIMAC,HUACCANA
030604,La Florida,APURIMAC,HUACCANA
030604,Sapichaca,APURIMAC,HUACCANA
030604,Pumayacu,APURIMAC,HUACCANA
030604,Armay,APURIMAC,HUACCANA
030604,Potacca,APURIMAC,HUACCANA
080106,Simon Herrera,CUSCO,SANTIAGO
080101,Nuevo Horizonte,CUSCO,CUSCO
080101,Huampar,CUSCO,CUSCO
080101,Chinchaysuyo,CUSCO,CUSCO
080101,Cruz Verde Quehuepay,CUSCO,CUSCO
080101,Sencca Quispihuara,CUSCO,CUSCO
080101,Hacienda Quellobamba,CUSCO,CUSCO
080101,Puncurayoc,CUSCO,CUSCO
080101,Ollucopampa,CUSCO,CUSCO
080101,Hatun Pampa,CUSCO,CUSCO
080101,Chulluncoy,CUSCO,CUSCO
090408,San Lorenzo,HUANCAVELICA,HUAMATAMBO
090408,Chuymac,HUANCAVELICA,HUAMATAMBO
090408,Huaciucro,HUANCAVELICA,HUAMATAMBO
090203,Tincona,HUANCAVELICA,ANTA
050501,Pukarumi,AYACUCHO,SAN MIGUEL
050501,Flor Patibamba / San Francisco Patibamba,AYACUCHO,SAN MIGUEL
050501,Mahuayhura,AYACUCHO,SAN MIGUEL
050501,Ampianco,AYACUCHO,SAN MIGUEL
050501,Collpa,AYACUCHO,SAN MIGUEL
050501,Pampa Huaylla,AYACUCHO,SAN MIGUEL
050501,Allpacorral,AYACUCHO,SAN MIGUEL
050406,Pamparayoc,AYACUCHO,SANTILLANA
050501,Qasanqa,AYACUCHO,SAN MIGUEL
050104,Ñahuinpuquio,AYACUCHO,CARMEN ALTO
050116,San Sebastian,AYACUCHO,ANDRES AVELINO CACERES DORREGARAY
050501,Socos,AYACUCHO,SAN MIGUEL
050501,Condoray,AYACUCHO,SAN MIGUEL
050501,Misquibamba,AYACUCHO,SAN MIGUEL
050501,Santa Magdalena,AYACUCHO,SAN MIGUEL
050501,Suncupata,AYACUCHO,SAN MIGUEL
050501,Pampachacra,AYACUCHO,SAN MIGUEL
050501,Acabara,AYACUCHO,SAN MIGUEL
050501,San Pedro,AYACUCHO,SAN MIGUEL
050501,Incaraqay,AYACUCHO,SAN MIGUEL
050501,Mollebamba,AYACUCHO,SAN MIGUEL
050501,Ollucopampa,AYACUCHO,SAN MIGUEL
050501,Huallhua,AYACUCHO,SAN MIGUEL
050501,Huitupata,AYACUCHO,SAN MIGUEL
050501,Socopara,AYACUCHO,SAN MIGUEL
050501,Pampa Huasi,AYACUCHO,SAN MIGUEL
050501,Saramañana,AYACUCHO,SAN MIGUEL
050501,Leonpata,AYACUCHO,SAN MIGUEL
050501,Pinchin,AYACUCHO,SAN MIGUEL
050501,La Nueva Molina,AYACUCHO,SAN MIGUEL
050509,Monterrico Alto,AYACUCHO,SAMUGARI
050501,Chorobamba,AYACUCHO,SAN MIGUEL
050502,Huayrapata,AYACUCHO,ANCO
050502,Mejorada,AYACUCHO,ANCO
050509,San Agustin,AYACUCHO,SAMUGARI
050509,Monterrico/rio Magdalena,AYACUCHO,SAMUGARI
050502,6 de Agosto,AYACUCHO,ANCO
050502,Nuevo Berlin,AYACUCHO,ANCO
050502,Cupirus,AYACUCHO,ANCO
080907,Seranta,CUSCO,KIMBIRI
050502,Paterine,AYACUCHO,ANCO
050502,Santa Rosa de Lima,AYACUCHO,ANCO
050502,Pampa Aurora,AYACUCHO,ANCO
050502,San Martin,AYACUCHO,ANCO
050502,San Antonio,AYACUCHO,ANCO
050509,Pakichari / Paquichari,AYACUCHO,SAMUGARI
080907,Sector Lobo,CUSCO,KIMBIRI
080907,Maserine Baja,CUSCO,KIMBIRI
080907,Palma de Oro,CUSCO,KIMBIRI
080907,Corazon Pata,CUSCO,KIMBIRI
080902,Aendoshiari,CUSCO,ECHARATE
080907,Santa Ana,CUSCO,KIMBIRI
050501,Tranca,AYACUCHO,SAN MIGUEL
050509,Buenos Aires,AYACUCHO,SAMUGARI
080907,Maserine,CUSCO,KIMBIRI
080907,Maquete Santaniato,CUSCO,KIMBIRI
080907,Ccollpapampa,CUSCO,KIMBIRI
080907,San Luis,CUSCO,KIMBIRI
080907,San Luis Alto,CUSCO,KIMBIRI
080902,Santa Ana,CUSCO,ECHARATE
080902,Nueva Generacion,CUSCO,ECHARATE
050509,Monterrico Santa Crusnayocc,AYACUCHO,SAMUGARI
050502,Chontabamba,AYACUCHO,ANCO
050509,Villarica,AYACUCHO,SAMUGARI
050509,Union Vista Alegre,AYACUCHO,SAMUGARI
050509,Nueva Jerusalen,AYACUCHO,SAMUGARI
050501,Los Olivos,AYACUCHO,SAN MIGUEL
050501,Yupanja,AYACUCHO,SAN MIGUEL
080907,San Juan de Cevichari,CUSCO,KIMBIRI
080907,Centro Belen,CUSCO,KIMBIRI
080907,Nueva Betania,CUSCO,KIMBIRI
080907,Pugoriari,CUSCO,KIMBIRI
080902,Paquishiari,CUSCO,ECHARATE
080907,Lobo Tahuantinsuyo,CUSCO,KIMBIRI
080907,Union Vista Alegre,CUSCO,KIMBIRI
080907,Sirenachayocc,CUSCO,KIMBIRI
080907,Manitea Alta,CUSCO,KIMBIRI
080907,Qorichayoc/ccorichayoc,CUSCO,KIMBIRI
080907,Manitea Baja,CUSCO,KIMBIRI
080907,Maquete,CUSCO,KIMBIRI
080907,Vista Alegre Baja,CUSCO,KIMBIRI
080907,Union Rosales,CUSCO,KIMBIRI
080907,Maquete Alta,CUSCO,KIMBIRI
080907,Palestina Alta,CUSCO,KIMBIRI
080907,Palestina Baja,CUSCO,KIMBIRI
080907,Chirumpiari,CUSCO,KIMBIRI
080907,Huayanay,CUSCO,KIMBIRI
080902,Sementato,CUSCO,ECHARATE
080907,Manitea,CUSCO,KIMBIRI
050501,Uspacunca,AYACUCHO,SAN MIGUEL
050501,Acsamachay,AYACUCHO,SAN MIGUEL
050501,Matara,AYACUCHO,SAN MIGUEL
050501,Janone,AYACUCHO,SAN MIGUEL
050501,Rucre,AYACUCHO,SAN MIGUEL
050501,Huayrinca,AYACUCHO,SAN MIGUEL
050501,Cruz Pata,AYACUCHO,SAN MIGUEL
050501,Chaqo,AYACUCHO,SAN MIGUEL
050501,Ninabamba,AYACUCHO,SAN MIGUEL
050501,Aquilla,AYACUCHO,SAN MIGUEL
050501,Magnupampa,AYACUCHO,SAN MIGUEL
050501,Chilinga,AYACUCHO,SAN MIGUEL
050501,Ayapampa,AYACUCHO,SAN MIGUEL
050509,Santa Cruz Miyocc,AYACUCHO,SAMUGARI
080902,Manitinkiari,CUSCO,ECHARATE
050509,Talanquiato Bajo,AYACUCHO,SAMUGARI
050509,Talanquiato Alto,AYACUCHO,SAMUGARI
050509,Puente Belen,AYACUCHO,SAMUGARI
080907,Piedra Lisa,CUSCO,KIMBIRI
080907,Kintiarina,CUSCO,KIMBIRI
080907,Nueva Luz,CUSCO,KIMBIRI
080907,Cerro De Oro,CUSCO,KIMBIRI
080907,Alto Mayo,CUSCO,KIMBIRI
080902,Lagunas,CUSCO,ECHARATE
080902,Tivoriari,CUSCO,ECHARATE
080902,Tunkichaca,CUSCO,ECHARATE
080902,Lagunas Inkaare,CUSCO,ECHARATE
080902,Shirimpiari,CUSCO,ECHARATE
080902,Alto Poyentimari,CUSCO,ECHARATE
080902,Sol Naciente,CUSCO,ECHARATE
080902,Changuiro,CUSCO,ECHARATE
080902,Kitapanakiari,CUSCO,ECHARATE
080902,Mapotoato,CUSCO,ECHARATE
080902,Nueva Luz,CUSCO,ECHARATE
080902,Abra Cigakiato,CUSCO,ECHARATE
080902,Incari Lagunas,CUSCO,ECHARATE
080902,Puguientimari,CUSCO,ECHARATE
080902,Aguas Calientes,CUSCO,ECHARATE
080902,Alto Kepashiato,CUSCO,ECHARATE
080902,Cigakiato,CUSCO,ECHARATE
080902,Alto Postakiato,CUSCO,ECHARATE
080902,San Martin De Lagunas,CUSCO,ECHARATE
080902,Lagunas San Martin,CUSCO,ECHARATE
080902,Alto Lagunas,CUSCO,ECHARATE
080902,Tunkichaca,CUSCO,ECHARATE
080902,Pomoreni,CUSCO,ECHARATE
080902,Puguientimari Margen Derecho,CUSCO,ECHARATE
150127,Casa Blanca,LIMA,PUNTA NEGRA
070105,Barranco Colorado,CALLAO,LA PUNTA
070105,Colonia Penal,CALLAO,LA PUNTA
150123,Pampa Tinaja,LIMA,PACHACAMAC
090718,Layan Pampa,HUANCAVELICA,TINTAY PUNCU
090718,Cachiccarana,HUANCAVELICA,TINTAY PUNCU
090718,Parajasa,HUANCAVELICA,TINTAY PUNCU
090718,Chinchipata,HUANCAVELICA,TINTAY PUNCU
090718,Incapampa,HUANCAVELICA,TINTAY PUNCU
090718,Ingahuasi,HUANCAVELICA,TINTAY PUNCU
090718,Huaccaychuco,HUANCAVELICA,TINTAY PUNCU
090718,Pacrahuayco,HUANCAVELICA,TINTAY PUNCU
090718,Uchuy Sune,HUANCAVELICA,TINTAY PUNCU
090718,Yurac Corral,HUANCAVELICA,TINTAY PUNCU
090718,Sachapata,HUANCAVELICA,TINTAY PUNCU
090718,Patahuasi,HUANCAVELICA,TINTAY PUNCU
090718,Pampahuasi,HUANCAVELICA,TINTAY PUNCU
090718,Paltarumi,HUANCAVELICA,TINTAY PUNCU
090718,Cochabamba Grande,HUANCAVELICA,TINTAY PUNCU
090718,Jerusalen,HUANCAVELICA,TINTAY PUNCU
090718,Llantacuna,HUANCAVELICA,TINTAY PUNCU
090718,Jampato,HUANCAVELICA,TINTAY PUNCU
090718,Jonjorpata / Cconccarpata,HUANCAVELICA,TINTAY PUNCU
090718,Colpa,HUANCAVELICA,TINTAY PUNCU
090718,Pirhuayocc,HUANCAVELICA,TINTAY PUNCU
090718,Anchac,HUANCAVELICA,TINTAY PUNCU
090718,Erapata,HUANCAVELICA,TINTAY PUNCU
090718,Chucchucuri,HUANCAVELICA,TINTAY PUNCU
090707,Chunguro Pampa,HUANCAVELICA,HUACHOCOLPA
090707,Pan de Azucar,HUANCAVELICA,HUACHOCOLPA
090718,Yana Willca,HUANCAVELICA,TINTAY PUNCU
090718,Ccochapata,HUANCAVELICA,TINTAY PUNCU
090718,Chaupi Huaycco,HUANCAVELICA,TINTAY PUNCU
090718,Allccoccocha,HUANCAVELICA,TINTAY PUNCU
090718,Jatun Huayco,HUANCAVELICA,TINTAY PUNCU
090718,Toccaruay,HUANCAVELICA,TINTAY PUNCU
090718,Huarmiccocha,HUANCAVELICA,TINTAY PUNCU
080910,Kuvivari,CUSCO,PICHARI
050406,Cayramayo,AYACUCHO,SANTILLANA
050406,Chichumichi,AYACUCHO,SANTILLANA
050406,Chuñuna,AYACUCHO,SANTILLANA
050406,Putis,AYACUCHO,SANTILLANA
050406,Huayjohuasi,AYACUCHO,SANTILLANA
050406,Tejahuasi,AYACUCHO,SANTILLANA
050406,Rumichaca,AYACUCHO,SANTILLANA
050406,Parobamba,AYACUCHO,SANTILLANA
050406,Cuchocorral,AYACUCHO,SANTILLANA
050406,Rodeo Patahuasi,AYACUCHO,SANTILLANA
050406,Llulluchapata,AYACUCHO,SANTILLANA
050406,Mashuacancha,AYACUCHO,SANTILLANA
080910,Nueva Agrupacion Ashaninka,CUSCO,PICHARI
080910,Canelon,CUSCO,PICHARI
080910,Puerto Embarcadero,CUSCO,PICHARI
050406,Viscatan Pata,AYACUCHO,SANTILLANA
050406,Saihua Llamanniyocc,AYACUCHO,SANTILLANA
080910,Mimirini Nativos,CUSCO,PICHARI
080910,Puerto Cocos,CUSCO,PICHARI
090718,Churrubamba,HUANCAVELICA,TINTAY PUNCU
080910,Getariato,CUSCO,PICHARI
080910,Santa Ines,CUSCO,PICHARI
080910,Kobiriari,CUSCO,PICHARI
080910,Mantaro,CUSCO,PICHARI
080910,Shantushari,CUSCO,PICHARI
080910,Teresa,CUSCO,PICHARI
080910,Agua Dulce / Agua Dulce Teresa,CUSCO,PICHARI
080910,Miraflores,CUSCO,PICHARI
080910,Kepeashari,CUSCO,PICHARI
080910,Natividad,CUSCO,PICHARI
080910,Ovayery,CUSCO,PICHARI
080910,Mimirini,CUSCO,PICHARI
080910,Villa Vista / Villavista,CUSCO,PICHARI
050406,Pampahuasi,AYACUCHO,SANTILLANA
080902,Tipeshiaro,CUSCO,ECHARATE
080910,Pitirinquini,CUSCO,PICHARI
080910,Shancuatiari,CUSCO,PICHARI
080910,Tiñunbancani,CUSCO,PICHARI
080910,Kapiroshi,CUSCO,PICHARI
080910,Quimosherinkani,CUSCO,PICHARI
080910,Cometarincani,CUSCO,PICHARI
080902,Ampliacion Chacopishiato,CUSCO,ECHARATE
080910,Teresa  Alta Porvenir,CUSCO,PICHARI
080910,Alto Parijari,CUSCO,PICHARI
080910,Kinkibiri Baja,CUSCO,PICHARI
080910,Saruyacu,CUSCO,PICHARI
080902,Tipeshiari,CUSCO,ECHARATE
080910,Nueva Fortaleza,CUSCO,PICHARI
080910,Irinikiari,CUSCO,PICHARI
080910,Kitamaronkani,CUSCO,PICHARI
080910,Los Angeles,CUSCO,PICHARI
080910,Nueva Union Kempiri,CUSCO,PICHARI
080910,Saboroshari,CUSCO,PICHARI
080902,Chamiriato,CUSCO,ECHARATE
080902,Inkaare,CUSCO,ECHARATE
080902,Potaskiato Bajo,CUSCO,ECHARATE
080902,Puquentimari / Puquientimari Alto,CUSCO,ECHARATE
080902,Sankuareni,CUSCO,ECHARATE
080902,Palomani,CUSCO,ECHARATE
080902,Manatarushiato,CUSCO,ECHARATE
080902,Alto Ozonampiato,CUSCO,ECHARATE
080902,Changuirhuato,CUSCO,ECHARATE
080902,Alto Shimaa,CUSCO,ECHARATE
080902,Bajo Kuviriari,CUSCO,ECHARATE
080902,Nueva Esperanza,CUSCO,ECHARATE
080902,Ozonampiato Margen Izquierda,CUSCO,ECHARATE
080902,Ochigoteni,CUSCO,ECHARATE
080902,Chakopishiato,CUSCO,ECHARATE
080902,Materiato,CUSCO,ECHARATE
080902,Ozonanpiato,CUSCO,ECHARATE
080902,Shimaa,CUSCO,ECHARATE
080902,Kepashiato,CUSCO,ECHARATE
080902,Tsokirina,CUSCO,ECHARATE
080902,Puente Kumpirushiato,CUSCO,ECHARATE
080902,Alto Materiato,CUSCO,ECHARATE
080902,Ampliacion Monte Carmelo,CUSCO,ECHARATE
080902,Triorio,CUSCO,ECHARATE
080902,Rio Blanco Capiro,CUSCO,ECHARATE
080902,Alto Union,CUSCO,ECHARATE
080902,Kuviriari,CUSCO,ECHARATE
080902,Santa Rosa,CUSCO,ECHARATE
080902,Palmeiras,CUSCO,ECHARATE
080902,Itariato,CUSCO,ECHARATE
080902,Alto Shimaa,CUSCO,ECHARATE
080902,Bajo  Itariato,CUSCO,ECHARATE
080902,Los Nogales,CUSCO,ECHARATE
070105,Isla San Lorenzo,CALLAO,LA PUNTA
150110,Nueva Primavera,LIMA,COMAS
070105,Punta Galera,CALLAO,LA PUNTA
150727,Oscolla,LIMA,SANTA CRUZ DE COCACHACRA
150728,Villa Santa Ana,LIMA,SANTA EULALIA
090717,Chinchipampa,HUANCAVELICA,SURCUBAMBA
090707,Colpa Cucho,HUANCAVELICA,HUACHOCOLPA
090707,Colcapampa,HUANCAVELICA,HUACHOCOLPA
090717,Matui Pata,HUANCAVELICA,SURCUBAMBA
090707,Huaylacucho,HUANCAVELICA,HUACHOCOLPA
090717,Hacienda San Fernando,HUANCAVELICA,SURCUBAMBA
090707,Fundo Luicho,HUANCAVELICA,HUACHOCOLPA
090707,Robles,HUANCAVELICA,HUACHOCOLPA
090717,Monserrate,HUANCAVELICA,SURCUBAMBA
090707,Fundo Ruiro Monte,HUANCAVELICA,HUACHOCOLPA
090707,Puytoc,HUANCAVELICA,HUACHOCOLPA
090717,Ccaracancha,HUANCAVELICA,SURCUBAMBA
090717,Mandinga,HUANCAVELICA,SURCUBAMBA
090717,Novillo Pampa,HUANCAVELICA,SURCUBAMBA
090707,Rumichaca,HUANCAVELICA,HUACHOCOLPA
090717,Socos,HUANCAVELICA,SURCUBAMBA
090717,Pacchahuayjo,HUANCAVELICA,SURCUBAMBA
090717,Sambucachi,HUANCAVELICA,SURCUBAMBA
090707,Chinchipampa,HUANCAVELICA,HUACHOCOLPA
090707,Chumpes,HUANCAVELICA,HUACHOCOLPA
090707,Camuna,HUANCAVELICA,HUACHOCOLPA
090707,Rosaspampa,HUANCAVELICA,HUACHOCOLPA
090707,Totora,HUANCAVELICA,HUACHOCOLPA
090717,Huanupata,HUANCAVELICA,SURCUBAMBA
090717,Ucuchapampa,HUANCAVELICA,SURCUBAMBA
090707,Santa Maria,HUANCAVELICA,HUACHOCOLPA
090707,Yanacocha,HUANCAVELICA,HUACHOCOLPA
090717,Lirioccasa,HUANCAVELICA,SURCUBAMBA
090717,Fundo Challhua Puquio,HUANCAVELICA,SURCUBAMBA
090707,Ichurutuna,HUANCAVELICA,HUACHOCOLPA
090707,Cedro,HUANCAVELICA,HUACHOCOLPA
090717,Alegre,HUANCAVELICA,SURCUBAMBA
090717,Ccelloccasa,HUANCAVELICA,SURCUBAMBA
090717,Cocha,HUANCAVELICA,SURCUBAMBA
090707,Carrizal,HUANCAVELICA,HUACHOCOLPA
090717,Toccyasca,HUANCAVELICA,SURCUBAMBA
090717,Matara,HUANCAVELICA,SURCUBAMBA
090707,Cochabamba Chico,HUANCAVELICA,HUACHOCOLPA
090707,Muyococha,HUANCAVELICA,HUACHOCOLPA
090717,Jatun Pampa,HUANCAVELICA,SURCUBAMBA
090707,Cañaypata,HUANCAVELICA,HUACHOCOLPA
150812,Isla San Martin,LIMA,VEGUETA
150201,Chorrillos,LIMA,BARRANCA
190107,Huaracpalpan,PASCO,PAUCARTAMBO
100506,Siptag,HUANUCO,MIRAFLORES
100602,Ricardo Herrera,HUANUCO,DANIEL ALOMIA ROBLES
100602,Juan Velasco Alvarado,HUANUCO,DANIEL ALOMIA ROBLES
100602,Nuevo Tupac Amaru,HUANUCO,DANIEL ALOMIA ROBLES
021204,Baños El Pato,ANCASH,HUAYLAS
100704,Alianza,HUANUCO,LA MORADA
100704,Alto Alianza de Magdalena,HUANUCO,LA MORADA
100602,Maronilla,HUANUCO,DANIEL ALOMIA ROBLES
250301,Yuracyacu,UCAYALI,PADRE ABAD
250301,Miguel Grau,UCAYALI,PADRE ABAD
100602,San Pedro de Huayhuante,HUANUCO,DANIEL ALOMIA ROBLES
100602,Micaela Bastidas,HUANUCO,DANIEL ALOMIA ROBLES
100602,San Agustin,HUANUCO,DANIEL ALOMIA ROBLES
100602,Hermilio Valdizan,HUANUCO,DANIEL ALOMIA ROBLES
250301,Minas de Sal,UCAYALI,PADRE ABAD
100602,San Sebastian,HUANUCO,DANIEL ALOMIA ROBLES
100602,Sortilegio,HUANUCO,DANIEL ALOMIA ROBLES
250301,Cumbre Divisoria,UCAYALI,PADRE ABAD
100602,La Vega,HUANUCO,DANIEL ALOMIA ROBLES
100602,Rio Azul,HUANUCO,DANIEL ALOMIA ROBLES
100602,Jose Maria Ugarteche,HUANUCO,DANIEL ALOMIA ROBLES
100602,Capitan Marino Bustamante,HUANUCO,DANIEL ALOMIA ROBLES
250301,Santa Rosa,UCAYALI,PADRE ABAD
250301,3 de Octubre,UCAYALI,PADRE ABAD
250301,Previsto,UCAYALI,PADRE ABAD
250301,Nuevo Mundo,UCAYALI,PADRE ABAD
250301,Chancadora,UCAYALI,PADRE ABAD
250301,Hidayacu,UCAYALI,PADRE ABAD
250301,Margarita,UCAYALI,PADRE ABAD
250301,Nueva Palestina,UCAYALI,PADRE ABAD
100604,Bajo Cotomono,HUANUCO,JOSE CRESPO Y CASTILLO
250301,Alto Previsto,UCAYALI,PADRE ABAD
100602,Simon Bolivar,HUANUCO,DANIEL ALOMIA ROBLES
250301,Shambo,UCAYALI,PADRE ABAD
250301,Alto Oriental,UCAYALI,PADRE ABAD
250301,Paujil,UCAYALI,PADRE ABAD
250301,Progreso de Santa Ana,UCAYALI,PADRE ABAD
250301,Mediacion,UCAYALI,PADRE ABAD
100602,Santa Rosa Vista Alegre,HUANUCO,DANIEL ALOMIA ROBLES
250301,Alto Shambillo,UCAYALI,PADRE ABAD
250301,Santa Ana,UCAYALI,PADRE ABAD
250301,Inca Garcilazo de La Vega,UCAYALI,PADRE ABAD
250301,Nueva Union,UCAYALI,PADRE ABAD
250301,Boqueron,UCAYALI,PADRE ABAD
100602,Puerto Alegre,HUANUCO,DANIEL ALOMIA ROBLES
100602,San Isidro,HUANUCO,DANIEL ALOMIA ROBLES
100602,Rio Azul,HUANUCO,DANIEL ALOMIA ROBLES
100602,Shangai,HUANUCO,DANIEL ALOMIA ROBLES
100602,Micaela Bastidas,HUANUCO,DANIEL ALOMIA ROBLES
250301,Margarita,UCAYALI,PADRE ABAD
100602,Jose Bernardo Alcedo,HUANUCO,DANIEL ALOMIA ROBLES
100602,Nuevo Mundo,HUANUCO,DANIEL ALOMIA ROBLES
250301,Ericka,UCAYALI,PADRE ABAD
250301,El Porvenir,UCAYALI,PADRE ABAD
250301,Llanta Blanca,UCAYALI,PADRE ABAD
250301,Huacamaillo,UCAYALI,PADRE ABAD
250301,Nueva Delicia,UCAYALI,PADRE ABAD
250301,Huipoca,UCAYALI,PADRE ABAD
250301,Reifsnyder,UCAYALI,PADRE ABAD
250301,Micaela Bastidas,UCAYALI,PADRE ABAD
250301,Valle del Sion,UCAYALI,PADRE ABAD
250301,Aguas Verdes,UCAYALI,PADRE ABAD
250301,Tarhuaquillo,UCAYALI,PADRE ABAD
250301,Andres Avelino Caceres,UCAYALI,PADRE ABAD
250301,Vigo,UCAYALI,PADRE ABAD
250301,Miguel Grau,UCAYALI,PADRE ABAD
250301,Alto Huipoca,UCAYALI,PADRE ABAD
250301,San Antonio Bajo,UCAYALI,PADRE ABAD
250301,Nuevo Paraiso,UCAYALI,PADRE ABAD
250301,Nuevo Porvenir Santa Anita,UCAYALI,PADRE ABAD
250301,Pampa Hermosa,UCAYALI,PADRE ABAD
250301,Bellavista,UCAYALI,PADRE ABAD
250301,Nuevo Progreso,UCAYALI,PADRE ABAD
250301,Monterrey,UCAYALI,PADRE ABAD
250301,Tara Huaca,UCAYALI,PADRE ABAD
250301,San Antonio Alto,UCAYALI,PADRE ABAD
250301,Nueva Delicia,UCAYALI,PADRE ABAD
250301,Inca Roca,UCAYALI,PADRE ABAD
250301,Pampa Libre,UCAYALI,PADRE ABAD
250301,Nuevo Jaen,UCAYALI,PADRE ABAD
250301,Alto Zabalo,UCAYALI,PADRE ABAD
250301,Blanco,UCAYALI,PADRE ABAD
250301,Zavalo,UCAYALI,PADRE ABAD
250301,Masoica,UCAYALI,PADRE ABAD
250301,Cerro Colorado,UCAYALI,PADRE ABAD
130804,Rosas,LA LIBERTAD,HUANCASPATA
130804,Yamuyanca,LA LIBERTAD,HUANCASPATA
130804,Fundo Tancaybamba,LA LIBERTAD,HUANCASPATA
130804,Pariamarca,LA LIBERTAD,HUANCASPATA
130804,Yamuyanga,LA LIBERTAD,HUANCASPATA
130804,Fundo Yanaranra,LA LIBERTAD,HUANCASPATA
130804,Santa Cruz,LA LIBERTAD,HUANCASPATA
221005,Valle Shunte,SAN MARTIN,UCHIZA
221001,Palmas del Espino,SAN MARTIN,TOCACHE
221005,La Florion,SAN MARTIN,UCHIZA
221005,Lisboa,SAN MARTIN,UCHIZA
221005,Palma del Espino,SAN MARTIN,UCHIZA
221005,San Juan de Ollates,SAN MARTIN,UCHIZA
221005,La Florida,SAN MARTIN,UCHIZA
221005,Santa Elena,SAN MARTIN,UCHIZA
221001,Roca Fuerte,SAN MARTIN,TOCACHE
221005,Huaynabe,SAN MARTIN,UCHIZA
221005,Nueva Union,SAN MARTIN,UCHIZA
221001,Campo de Aviacion,SAN MARTIN,TOCACHE
221001,Jose Carlos Mariategui,SAN MARTIN,TOCACHE
221005,Campo de Aviacion de Santa Lucia,SAN MARTIN,UCHIZA
221005,Shapaja,SAN MARTIN,UCHIZA
221005,Ramal de Cachiyacu,SAN MARTIN,UCHIZA
221005,San Miguel de Yonte,SAN MARTIN,UCHIZA
221005,Union Cadena,SAN MARTIN,UCHIZA
221005,Cairo,SAN MARTIN,UCHIZA
221001,Pedro Rondoi,SAN MARTIN,TOCACHE
221005,Alto Loboyacu,SAN MARTIN,UCHIZA
221005,La Parcela,SAN MARTIN,UCHIZA
221005,Santa Lucia,SAN MARTIN,UCHIZA
221005,Ocho de Julio,SAN MARTIN,UCHIZA
221005,Villa Hermosa,SAN MARTIN,UCHIZA
221005,Puerto Belen,SAN MARTIN,UCHIZA
221005,Santa Ana,SAN MARTIN,UCHIZA
221001,Palmawasi,SAN MARTIN,TOCACHE
221005,Cachiyacu,SAN MARTIN,UCHIZA
221005,Inca Roca Loboyacu,SAN MARTIN,UCHIZA
221005,Cascarilla,SAN MARTIN,UCHIZA
221005,Pampa Hermosa,SAN MARTIN,UCHIZA
221005,Sarai Bajo Camote,SAN MARTIN,UCHIZA
250301,Santa Ana,UCAYALI,PADRE ABAD
250301,Nueva Leticia,UCAYALI,PADRE ABAD
250301,Leticia,UCAYALI,PADRE ABAD
250301,Vigo,UCAYALI,PADRE ABAD
130403,Prieto,LA LIBERTAD,PUEBLO NUEVO
130701,El Milagro,LA LIBERTAD,SAN PEDRO DE LLOC
130702,La Pampilla,LA LIBERTAD,GUADALUPE
220204,Huito,SAN MARTIN,HUALLAGA
220204,Angamos / Puerto Arturo,SAN MARTIN,HUALLAGA
220605,Las Brisas De Cuiumbuza,SAN MARTIN,PAJARILLO
220605,Monte Cristo,SAN MARTIN,PAJARILLO
060407,Tunel,CAJAMARCA,COCHABAMBA
220914,Ramon Castilla,SAN MARTIN,SHAPAJA
200801,Pan de Azufre,PIURA,SECHURA
200801,Minchales,PIURA,SECHURA
200801,Alto Paulino,PIURA,SECHURA
200801,Alto el Roque,PIURA,SECHURA
140308,Algodona,LAMBAYEQUE,OLMOS
140308,Palo Blanco,LAMBAYEQUE,OLMOS
140308,Piedra Blanca,LAMBAYEQUE,OLMOS
140308,La Ramadita,LAMBAYEQUE,OLMOS
200304,Faiquepampa,PIURA,HUARMACA
060607,Moshoqueque,CAJAMARCA,QUEROCOTILLO
200304,Ladino,PIURA,HUARMACA
200304,Corral pampa,PIURA,HUARMACA
060610,Casiampata,CAJAMARCA,SAN LUIS DE LUCMA
060610,Huaylulo,CAJAMARCA,SAN LUIS DE LUCMA
060610,Pampa De La Rioja,CAJAMARCA,SAN LUIS DE LUCMA
060610,El Cardon,CAJAMARCA,SAN LUIS DE LUCMA
060610,La Sada,CAJAMARCA,SAN LUIS DE LUCMA
010703,Vera Cruz,AMAZONAS,CUMBA
060610,Llushcapampa,CAJAMARCA,SAN LUIS DE LUCMA
060610,Sipian,CAJAMARCA,SAN LUIS DE LUCMA
060610,La Ramada,CAJAMARCA,SAN LUIS DE LUCMA
060610,Las Iglesias,CAJAMARCA,SAN LUIS DE LUCMA
060610,La Cubillina,CAJAMARCA,SAN LUIS DE LUCMA
060610,La Laguna,CAJAMARCA,SAN LUIS DE LUCMA
060605,Los Puentes,CAJAMARCA,LA RAMADA
060610,Tambillo,CAJAMARCA,SAN LUIS DE LUCMA
060610,La Shita,CAJAMARCA,SAN LUIS DE LUCMA
060610,Cochagan,CAJAMARCA,SAN LUIS DE LUCMA
060610,Corralcucho,CAJAMARCA,SAN LUIS DE LUCMA
060610,Suro Chico,CAJAMARCA,SAN LUIS DE LUCMA
060610,Valle Grande,CAJAMARCA,SAN LUIS DE LUCMA
010523,Salinas,AMAZONAS,TRITA
010523,Pampa Hermosa,AMAZONAS,TRITA
010509,Romerillo,AMAZONAS,LUYA
010509,Chaquil,AMAZONAS,LUYA
010509,Trita,AMAZONAS,LUYA
010509,Quirilita,AMAZONAS,LUYA
010523,Corazon de Jesus,AMAZONAS,TRITA
010523,Chuchirita,AMAZONAS,TRITA
010523,Cohetashon,AMAZONAS,TRITA
010523,Huaychopampa,AMAZONAS,TRITA
010523,Corobamba,AMAZONAS,TRITA
010509,Luya Viejo,AMAZONAS,LUYA
010509,San Miguel de Cruzpata,AMAZONAS,LUYA
010509,Santa Rosa,AMAZONAS,LUYA
010116,Olleros,AMAZONAS,OLLEROS
220510,Lejia,SAN MARTIN,TABALOSOS
200404,Redondito,PIURA,LA MATANZA
200404,Morante,PIURA,LA MATANZA
200404,El Virrey,PIURA,LA MATANZA
140308,El Oberito,LAMBAYEQUE,OLMOS
140308,Tallos,LAMBAYEQUE,OLMOS
060809,Linderos,CAJAMARCA,SALLIQUE
060811,Puerta Del Eden,CAJAMARCA,SAN JOSE DEL ALTO
010202,Primavera,AMAZONAS,ARAMANGO
010202,Santa Fe,AMAZONAS,ARAMANGO
010202,Paytupana,AMAZONAS,ARAMANGO
010202,Salinas,AMAZONAS,ARAMANGO
010202,Tupaytupana,AMAZONAS,ARAMANGO
010202,La Union,AMAZONAS,ARAMANGO
010202,Salinas,AMAZONAS,ARAMANGO
010202,Puerto Salinas,AMAZONAS,ARAMANGO
010202,Tipuco,AMAZONAS,ARAMANGO
010202,Pomara,AMAZONAS,ARAMANGO
200501,Los Cangrejos,PIURA,PAITA
200602,Santa Teresita,PIURA,BELLAVISTA
200206,Paderones,PIURA,PACAIPAMPA
060905,La Balsa,CAJAMARCA,NAMBALLE
060905,Represa,CAJAMARCA,NAMBALLE
200201,La Union,PIURA,AYABACA
160403,Macahua,LORETO,YAVARI
160803,Nuevo Peru,LORETO,TENIENTE MANUEL CLAVERO
