UBIGEO,NOMBRE,DEPARTAMENTO,DISTRITO
110112,FONAVI IV,ICA,SUBTANJALLA
180210,P.S. CHACLAYA,MOQUEGUA,UBINAS
150135,CONSULTORIOS MEDICOS LIDER MEDIC EIRL,LIMA,SAN MARTIN DE PORRES
050205,PUESTO DE SALUD CCARHUACCPAMPA,AYACUCHO,PARAS
180210,P.S. QUINSACHATA,MOQUEGUA,UBINAS
230401,PUESTO DE SALUD CONCHACHIRI,TACNA,TARATA
090117,CCASAPATA,HUANCAVELICA,YAULI
210111,COLLACACHI,PUNO,PICHACANI
210102,LAQUI,PUNO,ACORA
150117,TU SONRISA CONSULTORIO DENTAL,LIMA,LOS OLIVOS
110103,YAURILLA,ICA,LOS AQUIJES
211210,JANANSAYA,PUNO,SAN PEDRO DE PUTINA PUNCO
210309,CUESTA BLANCA,PUNO,SAN GABAN
210801,CENTRO MEDICO AYAVIRI,PUNO,AYAVIRI
210309,PUERTO MANOA,PUNO,SAN GABAN
210501,ULLACACHI,PUNO,ILAVE
170102,AMARACAYRE,MADRE DE DIOS,INAMBARI
210903,TARUCANI,PUNO,HUAYRAPATA
170204,PUQUIRI,MADRE DE DIOS,HUEPETUHE
210105,ISAÑURA,PUNO,CAPACHICA
211210,Puesto de Salud Eden,PUNO,SAN PEDRO DE PUTINA PUNCO
110113,LUJARAJA,ICA,TATE
110105,EL PALTO,ICA,PACHACUTEC
160108,BAP RIO YAHUAS,LORETO,PUNCHANA
160108,PIAS PUTUMAYO II,LORETO,PUNCHANA
210602,TRAPICHE,PUNO,COJATA
211001,PICOTANI,PUNO,PUTINA
210401,SAN JUAN DE YARIHUANI,PUNO,JULI
200101,O & G ODONTOLOGÍA INTEGRAL Y ALTA ESTÉTICA  E.I.R.L,PIURA,PIURA
170103,MONTE SALVADO,MADRE DE DIOS,LAS PIEDRAS
170302,CHILINA,MADRE DE DIOS,IBERIA
210109,CACHIPASCANA,PUNO,MAÑAZO
110202,AYLLOQUE,ICA,ALTO LARAN
210701,CHAÑOCAHUA,PUNO,LAMPA
210601,CUCHOCHACAMARCA,PUNO,HUANCANE
210710,CHIVAY,PUNO,VILAVILA
210407,ALTO PAVITA,PUNO,ZEPITA
210111,JILATAMARCA,PUNO,PICHACANI
210112,CAMATA,PUNO,PLATERIA
060801,GRANADILLAS,CAJAMARCA,JAEN
010612,NUEVO OMIA,AMAZONAS,VISTA ALEGRE
150110,PUESTO DE SALUD LOS GERANIOS,LIMA,COMAS
061311,CHILAL,CAJAMARCA,YAUYUCAN
090117,LIMAPAMPA,HUANCAVELICA,YAULI
050406,PUESTO DE SALUD VISCATAN,AYACUCHO,SANTILLANA
040128,CENTRO COMUNITARIO UCSM,AREQUIPA,YURA
050101,CENTRO DE ATENCIÓN PRIMARIA III METROPOLITANO AYACUCHO,AYACUCHO,AYACUCHO
040702,FUERZA AEREA DEL PERU,AREQUIPA,COCACHACRA
080108,MEGADENT,CUSCO,WANCHAQ
120101,LABORATORIO DE REFERENCIA REGIONAL JUNIN,JUNIN,HUANCAYO
050104,PUESTO DE SALUD YANAMA,AYACUCHO,CARMEN ALTO
090117,LOS ANDES DE SOTOPAMPA,HUANCAVELICA,YAULI
190305,OSOMAYO,PASCO,POZUZO
240301,CENTRO MEDICO DE ZARUMILLA,TUMBES,ZARUMILLA
230107,ENFERMERIA DEL FUERTE IQUIQUE - PALCA,TACNA,PALCA
250105,HOSPITAL AMAZONICO - YARINACOCHA,UCAYALI,YARINACOCHA
200402,E.S.  CARRASQUILLO,PIURA,BUENOS AIRES
060701,LA HUAYLLA,CAJAMARCA,BAMBAMARCA
200101,CENTRO MEDICO SAMPLES E.I.R.L.,PIURA,PIURA
200101,Imagen DX S. A.,PIURA,PIURA
150120,MGH SERVICIOS MÉDICOS,LIMA,MAGDALENA DEL MAR
060601,Policlinico San Marcos E.I.R.L.,CAJAMARCA,CUTERVO
150101,JCDENTAL,LIMA,LIMA
140106,CENTRO MEDICO CEMEL E.I.R.L,LAMBAYEQUE,LA VICTORIA
150806,CERO  DOLOR,LIMA,HUAURA
010601,INTEGRAMENTE HUAYABAMBA,AMAZONAS,SAN NICOLAS
080105,VIRGEN ASUNTA,CUSCO,SAN SEBASTIAN
150142,CENTRO MEDICO PARROQUIAL SAN MARTIN DE PORRES,LIMA,VILLA EL SALVADOR
220901,IMESAN E.I.R.L,SAN MARTIN,TARAPOTO
150502,CLINICA SAN PABLO - SEDE ASIA,LIMA,ASIA
200601,CENTRO DE DIALISIS VITTA DIAL SAC,PIURA,SULLANA
120107,CENTRO DE SALUD MENTAL COMUNITARIO CHILCA,JUNIN,CHILCA
150116,CENTRO MEDICO VIALMED,LIMA,LINCE
040126,CLINICA ALIVIARI,AREQUIPA,YANAHUARA
200101,SMILE DESIGN CENTER S.A.C.,PIURA,PIURA
160508,PUESTO DE SALUD I-1 CURINGA,LORETO,SOPLIN
150601,TULUZDENT E.I.R.L.,LIMA,HUARAL
040101,ROE LABORATORIO,AREQUIPA,AREQUIPA
150131,PATOLOGIA S.R.L.,LIMA,SAN ISIDRO
150716,EL PARAISO,LIMA,SAN ANTONIO
220503,SANTA CLARA,SAN MARTIN,BARRANQUITA
100602,ALTO PENDENCIA,HUANUCO,DANIEL ALOMIA ROBLES
100603,SAN PEDRO DE HUAYHUANTE,HUANUCO,HERMILIO VALDIZAN
160112,MUNICHS - RIO ITAYA,LORETO,BELEN
120503,ATOCSAICO,JUNIN,ONDORES
160206,P.S. I-1 CHARUPA,LORETO,LAGUNAS
150605,CENTRO DE SALUD MENTAL COMUNITARIO PUERTO CHANCAY,LIMA,CHANCAY
060101,CONSULTORIO DENTAL CÉSPEDES,CAJAMARCA,CAJAMARCA
220911,REFORMA,SAN MARTIN,PAPAPLAYA
080101,PEDIATRAS CUSCO,CUSCO,CUSCO
160201,C.S. I-3 LOMA,LORETO,YURIMAGUAS
160201,C.S. I-3 CARRETERA KM 1.5,LORETO,YURIMAGUAS
160701,P.S. I-1 INDUSTRIAL,LORETO,BARRANCA
160702,P.S. I-1 SAN ANTONIO DE CAHUAPANAS,LORETO,CAHUAPANAS
160104,P.S. I-1 YANAYACU BOMBONAJE,LORETO,INDIANA
160104,P.S. I-1 VAINILLA,LORETO,INDIANA
090702,HUAYTACORRAL,HUANCAVELICA,ACOSTAMBO
160804,BETANIA,LORETO,YAGUAS
100102,LABORATORIO CLÍNICO NEISSER,HUANUCO,AMARILIS
160108,OPTICA CUBAS,LORETO,PUNCHANA
090411,ASTOBAMBA,HUANCAVELICA,SANTA ANA
080108,JOSE PARDO EXPRESS,CUSCO,WANCHAQ
050116,HOGAR PROTEGIDO AYACUCHO,AYACUCHO,ANDRES AVELINO CACERES D.
200114,PUESTO DE SALUD CP4,PIURA,TAMBO GRANDE
211102,AYACACHI,PUNO,CABANA
200805,E.S.  LA TORTUGA,PIURA,VICE
150806,CONSULTORIO DE ENFERMERÍA Y LABORATORIO CLINICO SERVIMEDIC,LIMA,HUAURA
170102,PUENTE INAMBARI,MADRE DE DIOS,INAMBARI
080408,PUTUCUSI,CUSCO,YANATILE
080408,QUESQUENTO,CUSCO,YANATILE
210307,ITUATA,PUNO,ITUATA
200406,P.S HUALCAS,PIURA,SALITRAL
150116,POLICLINICO MULTISALUD,LIMA,LINCE
080408,TUPAC AMARU QUELLOUNO,CUSCO,YANATILE
211105,CENTRO DE SALUD MENTAL COMUNITARIO SAN MIGUEL ARCANGEL,PUNO,SAN MIGUEL
080101,TESLA LIFE,CUSCO,CUSCO
200204,PUESTO DE SALUD SALVIA,PIURA,LAGUNAS
200209,PUESTO DE SALUD AMBASAL,PIURA,SICCHEZ
210807,CAYARANI,PUNO,ORURILLO
210807,JANCHALLANI,PUNO,ORURILLO
110505,SANTA CRUZ,ICA,PARACAS
230302,PUESTO DE SALUD CAMBAYA,TACNA,ILABAYA
211204,CAPILLA PAMPA,PUNO,PATAMBUCO
170103,SABALUYOC,MADRE DE DIOS,LAS PIEDRAS
030402,CHACAPUENTE,APURIMAC,CAPAYA
200304,P.S. LOMA GRANDE,PIURA,HUARMACA
081103,PAROBAMBA,CUSCO,CHALLABAMBA
200101,PREVENIR CENTRO MEDICO Y ODONTOLOGICO S.R.L.,PIURA,PIURA
080101,PRANA,CUSCO,CUSCO
050202,PUESTO DE SALUD CHACOLLA,AYACUCHO,CHUSCHI
050201,PUESTO DE SALUD INCARACCAY,AYACUCHO,CANGALLO
150116,SAKURA  DENTAL,LIMA,LINCE
170101,LA JOYA,MADRE DE DIOS,TAMBOPATA
150110,EL GALENO,LIMA,COMAS
080104,ASOCIACION CERVICUSCO,CUSCO,SAN JERONIMO
080105,CEPRECE CUSCO,CUSCO,SAN SEBASTIAN
150140,POSTA SEMAN FAP,LIMA,SANTIAGO DE SURCO
080101,ANALISIS FAMILAB,CUSCO,CUSCO
190113,POSTA MEDICA PNP CERRO DE PASCO,PASCO,YANACANCHA
110501,POSTA MEDICA POLICIAL PISCO,ICA,PISCO
140101,CLUSAT,LAMBAYEQUE,CHICLAYO
060701,AUQUE ALTO,CAJAMARCA,BAMBAMARCA
120113,CHUAMBA,JUNIN,CULLHUAS
010609,MASHUYACU,AMAZONAS,OMIA
150131,CONSULTORIO EL GOLF,LIMA,SAN ISIDRO
160502,PUESTO DE SALUD I-1 SAN ANTONIO DE FORTALEZA,LORETO,ALTO TAPICHE
050201,CANGALLO,AYACUCHO,CANGALLO
120107,MARCIA,JUNIN,CHILCA
250101,POLICLINICO POLICIAL PUCALLPA,UCAYALI,CALLERIA
070106,ASOCIACION EMMANUEL - CASA DE REPOSO EMMANUEL,CALLAO,VENTANILLA
101104,RAHUA-HUANCACHACA,HUANUCO,APARICIO POMARES
150143,CONSULTORIO ODONTOLÓGICO OLIDENT,LIMA,VILLA MARIA DEL TRIUNFO
060614,LIBERTAD LA PALMA,CAJAMARCA,SOCOTA
020601,"POLICLINICO ""LA CASA DE LA SALUD""",ANCASH,CARHUAZ
150117,SERVICIOS MEDICO DE LA MUJER Y EL NIÑO,LIMA,LOS OLIVOS
220901,CONSULTORIO ODONTOLÓGICO DENTAL CARE E.I.R.L,SAN MARTIN,TARAPOTO
021012,PUESTO DE SALUD YUNGUILLA,ANCASH,RAHUAPAMPA
120133,HUAYLLASPANCA,JUNIN,SAPALLANGA
250306,PUESTO DE SALUD LOS OLIVOS,UCAYALI,HUIPOCA
120706,YAROCA,JUNIN,PALCA
120706,HUARIPAMPA,JUNIN,PALCA
200101,GRUPO OPTICO MEGA LENS,PIURA,PIURA
190113,ANASQUIZQUE,PASCO,YANACANCHA
190113,TINGO PALCA,PASCO,YANACANCHA
160401,PUERTO ALEGRIA DE RAMON CASTILLA,LORETO,RAMON CASTILLA
020606,PURHUAY,ANCASH,MARCARA
022007,PUESTO DE SALUD PUTACA,ANCASH,SHUPLUY
190111,RACRACANCHA,PASCO,TINYAHUARCO
200104,COF- PIURA SRL,PIURA,CASTILLA
200101,CENTRO ODONTOLOGICO DIGITAL,PIURA,PIURA
101001,PARACSHA,HUANUCO,JESUS
190102,QUIPARACRA,PASCO,HUACHON
050115,CENTRO MEDICO SAGRADO NIÑO JESUS,AYACUCHO,JESUS NAZARENO
040108,PUESTO DE SALUD LA CANO,AREQUIPA,LA JOYA
190305,ALTO LAGARTO,PASCO,POZUZO
190305,SAN SALVADOR,PASCO,POZUZO
120608,YAVIRO,JUNIN,RIO TAMBO
080108,DIAGNOS,CUSCO,WANCHAQ
190305,ASCENCION,PASCO,POZUZO
100902,HUAMPOMAYO,HUANUCO,CODO DEL POZUZO
120403,PAUCAR APATA,JUNIN,APATA
200101,DANNLAB LABORATORIO CLINICO E.I.R.L.,PIURA,PIURA
150122,AURA MEDIC SAC,LIMA,MIRAFLORES
100701,HUAYCHAO,HUANUCO,HUACRACHUCO
160103,NUEVO PROGRESO,LORETO,FERNANDO LORES
200115,CONSULTORIOS DE ENFERMERIA PREVENIR,PIURA,VEINTISEIS DE OCTUBRE
120702,HUAYLAHUICHAN,JUNIN,ACOBAMBA
120702,COLLPA,JUNIN,ACOBAMBA
040118,PUESTO DE SALUD SAN JUAN DE SIGUAS - TAMBILLO,AREQUIPA,SAN JUAN DE SIGUAS
190110,SAN FRANCISCO DE PUCURHUAY,PASCO,TICLACAYAN
190206,RAGAN,PASCO,SANTA ANA DE TUSI
190110,SAN ISIDRO DE YANAPAMPA,PASCO,TICLACAYAN
130111,BERMANLAB,LA LIBERTAD,VICTOR LARCO HERRERA
190110,RACRAYTINGO,PASCO,TICLACAYAN
190305,RIO TIGRE,PASCO,POZUZO
100509,ILLAHUASI,HUANUCO,PUÑOS
100603,SAN ISIDRO,HUANUCO,HERMILIO VALDIZAN
100301,LA UNION,HUANUCO,LA UNION
080108,JESUS SACRAMENTADO,CUSCO,WANCHAQ
050409,PUESTO DE SALUD MAYAPO,AYACUCHO,CANAYRE
040129,PRENATAL Y FAMILIA,AREQUIPA,JOSE LUIS BUSTAMANTE Y RIVERO
090407,SUYTUPAMPA,HUANCAVELICA,HUACHOS
090611,SANTA ROSA DE ACORA,HUANCAVELICA,SAN FRANCISCO DE SANGAYAICO
120101,LABORATORIO CLÍNICO CONTINENTAL,JUNIN,HUANCAYO
050701,PUESTO DE SALUD NEGRO MAYO,AYACUCHO,CORACORA
090403,COCHAMARCA,HUANCAVELICA,AURAHUA
140202,HUACAPAMPA,LAMBAYEQUE,CAÑARIS
080105,BLUMEDIC,CUSCO,SAN SEBASTIAN
140202,CHIÑAMA,LAMBAYEQUE,CAÑARIS
140118,SAN LUIS,LAMBAYEQUE,POMALCA
140115,COLLIQUE,LAMBAYEQUE,SAÑA
090404,MARCAS,HUANCAVELICA,CAPILLAS
090410,CAMAYOCC,HUANCAVELICA,SAN JUAN
060805,SAN FRANCISCO DE ASIS,CAJAMARCA,HUABAL
010514,SAN MIGUEL DE PORO PORO,AMAZONAS,PISUQUIA
060613,MALLETA,CAJAMARCA,SANTO TOMAS
090117,SANTA ROSA DE CHOPCCA,HUANCAVELICA,YAULI
090117,CHUÑUNAPAMPA,HUANCAVELICA,YAULI
140303,PUESTO DE SALUD CHIRIMOYO,LAMBAYEQUE,ILLIMO
140305,PUNTO CUATRO,LAMBAYEQUE,MOCHUMI
050406,PUESTO DE SALUD ARANHUAY,AYACUCHO,SANTILLANA
060907,CHURUYACU,CAJAMARCA,TABACONAS
060907,LINDEROS,CAJAMARCA,TABACONAS
050505,PUESTO DE SALUD SAN JOSE DE VILLA VISTA,AYACUCHO,CHUNGUI
150132,CENTRO DE SALUD SANTA FE DE TOTORITA,LIMA,SAN JUAN DE LURIGANCHO
220401,INTIYACU,SAN MARTIN,SAPOSOA
220401,CHAMBIRA,SAN MARTIN,SAPOSOA
250104,SANTA ROSA DE ABUJAO,UCAYALI,MASISEA
150202,JULQUILLAS,LIMA,PARAMONGA
150724,HUINCO,LIMA,CASTA
150716,SAGRADO CORAZON DE JESUS,LIMA,SAN ANTONIO
220904,AGUANO MUYUNA,SAN MARTIN,CHAZUTA
220503,SANTIAGO DE BORJA,SAN MARTIN,BARRANQUITA
090119,NUEVA ACOBAMBILLA,HUANCAVELICA,HUANDO
250106,JUVENTUD,UCAYALI,NUEVA REQUENA
050505,PUESTO DE SALUD PUTUCUNAY,AYACUCHO,CHUNGUI
220708,NUEVO LORETO,SAN MARTIN,SHAMBOYACU
150135,CENTRO DE SALUD INFANTAS,LIMA,SAN MARTIN DE PORRES
250201,MALDONADILLO,UCAYALI,RAIMONDI
220603,MIRAFLORES,SAN MARTIN,HUICUNGO
220511,SAN FERNANDO,SAN MARTIN,ZAPATERO
220511,PROGRESO,SAN MARTIN,ZAPATERO
150111,SANTA MAGDALENA SOFIA,LIMA,EL AGUSTINO
250203,SEMPAYA,UCAYALI,TAHUANIA
220401,ALMENDRAS,SAN MARTIN,SAPOSOA
210901,SULLCA,PUNO,MOHO
250102,PUEBLO LIBRE,UCAYALI,CAMPOVERDE
250104,ABUJAO,UCAYALI,MASISEA
150109,NUEVA GALES,LIMA,CIENEGUILLA
081103,OTOCANI,CUSCO,CHALLABAMBA
080407,PATABAMBA,CUSCO,TARAY
200101,QUINOS CORPORATION E.I.R.L.,PIURA,PIURA
130602,CUSHCANDAY,LA LIBERTAD,AGALLPAMPA
060608,PAJONAL,CAJAMARCA,SAN ANDRES DE CUTERVO
130107,HOSPITAL DISTRITAL ALTO MOCHE-WALTER CRUZ VILCA,LA LIBERTAD,MOCHE
080707,YORENCCA,CUSCO,QUIÑOTA
250306,PUESTO DE SALUD VALLE DE SION,UCAYALI,HUIPOCA
110101,SERVICIOS MÉDICOS PERUANOS A & M SAC,ICA,ICA
150901,CENTRO DE ATENCION PRIMARIA I OYON,LIMA,OYON
010106,CANAAN,AMAZONAS,CHUQUIBAMBA
120803,POSTA MEDICA DE ANDAYCHAGUA,JUNIN,HUAY HUAY
150104,SMILERS CONSULTORIO ODONTOLOGICO INTEGRAL,LIMA,BARRANCO
200104,INSTITUTO MEDICO EN SALUD OCUPACIONAL SOY DIABETICO,PIURA,CASTILLA
080910,NATIVIDAD,CUSCO,PICHARI
060807,TAMBILLO,CAJAMARCA,POMAHUACA
010609,EL GUAMBO,AMAZONAS,OMIA
250107,SANTA TERESA DE SHINUYA,UCAYALI,MANANTAY
120107,"CONSULTORIO DENTAL ""WASHINGTON""",JUNIN,CHILCA
220901,HOSPITAL TARAPOTO,SAN MARTIN,TARAPOTO
030708,PICOSAYHUAS,APURIMAC,PROGRESO
030501,APUMARCA,APURIMAC,TAMBOBAMBA
010503,BUENA VISTA,AMAZONAS,COCABAMBA
010120,OQUISH,AMAZONAS,SOLOCO
010607,MICHINA,AMAZONAS,MARISCAL BENAVIDES
090117,CCOLLPACCASA,HUANCAVELICA,YAULI
080403,SAYLLAFAYA,CUSCO,LAMAY
250107,"CENTRO DE SALUD MENTAL COMUNITARIO ""NUEVO AMANECER""",UCAYALI,MANANTAY
150117,BREVETE & SALUD AT S.A.C.,LIMA,LOS OLIVOS
160108,PIAS RIO NAPO,LORETO,PUNCHANA
210109,TOLAPALCA,PUNO,MAÑAZO
150128,SERVICIOS  MEDICOS IKAM,LIMA,RIMAC
140103,"CENTRO MEDICO ""JUAN AITA VALLE"" ETEN",LAMBAYEQUE,ETEN
080708,ALCCA VICTORIA,CUSCO,VELILLE
080704,HUARACO,CUSCO,COLQUEMARCA
200101,NEFROLIFE PIURA SAC,PIURA,PIURA
150130,INVERSIONES MEDICAS PERUANAS S.A.C,LIMA,SAN BORJA
030504,HAPURO,APURIMAC,HAQUIRA
200115,ASISTENCIA SALUD S.C.R.L.      AMBULANCIA   EUE - 368,PIURA,VEINTISEIS DE OCTUBRE
040108,POSTA MEDICA LA JOYA,AREQUIPA,LA JOYA
120101,CENTRO MEDICO MUNICIPAL,JUNIN,HUANCAYO
220901,CLINICA SAN MARTIN,SAN MARTIN,TARAPOTO
040126,CONSULTORIO MÉDICO,AREQUIPA,YANAHUARA
160108,BTH RAUMIS,LORETO,PUNCHANA
150110,CD LIMAMEDIC PERU S.A.C,LIMA,COMAS
040203,LA EUGENIA,AREQUIPA,MARIANO NICOLAS VALCARCEL
020105,PUESTO DE SALUD HUANJA,ANCASH,INDEPENDENCIA
021103,PUESTO DE SALUD QUIAN,ANCASH,CULEBRAS
200111,PUESTO DE SALUD SANTA ELENA - LAS LOMAS,PIURA,LAS LOMAS
200111,PUESTO DE SALUD PUERTA PULACHE,PIURA,LAS LOMAS
040504,PUESTO DE SALUD CHALHUANCA,AREQUIPA,CALLALLI
200303,E.S. I-2  TALANEO,PIURA,EL CARMEN DE LA FRONTERA
200303,E.S I-1 CAJAS SHAPAYA,PIURA,EL CARMEN DE LA FRONTERA
190107,STA. ISABEL,PASCO,PAUCARTAMBO
200604,CENTRO DE SALUD LANCONES,PIURA,LANCONES
090101,"""HOGAR PROTEGIDO HUANCAVELICA""",HUANCAVELICA,HUANCAVELICA
020511,PUESTO DE SALUD GORGORILLO,ANCASH,LA PRIMAVERA
020202,PUESTO DE SALUD  QUISHUAR,ANCASH,CORIS
160704,PUESTO DE SALUD I-1 UNANCHAY,LORETO,MORONA
190204,INDEPENDENCIA,PASCO,PAUCAR
200115,CENTRO DE ATENCION TEMPORAL CASA SOLIDARIA,PIURA,VEINTISEIS DE OCTUBRE
040104,PUESTO DE SALUD EL CURAL,AREQUIPA,CERRO COLORADO
150101,ONCO IPOR SERVICIOS MEDICOS ESPECIALIZADOS,LIMA,LIMA
040108,CENTRO DE SALUD SAN ISIDRO,AREQUIPA,LA JOYA
080902,KEPASHIATO,CUSCO,ECHARATE
021804,PUESTO DE SALUD SANTA ROSA DE PAQUIRCA,ANCASH,MACATE
021808,PUESTO DE SALUD TAMBO REAL,ANCASH,SANTA
021808,PUESTO DE SALUD VINZOS,ANCASH,SANTA
200507,PUESTO DE SALUD LA ISLA SAN LORENZO,PIURA,VICHAYAL
200410,P.S CHOCO,PIURA,YAMANGO
021808,PUESTO DE SALUD ALTO PERU,ANCASH,SANTA
230101,MOLAR S.O.S.,TACNA,TACNA
060701,AUQUE BAJO,CAJAMARCA,BAMBAMARCA
060608,ILLUGAN,CAJAMARCA,SAN ANDRES DE CUTERVO
150123,PUESTO DE SALUD PAMPA GRANDE,LIMA,PACHACAMAC
220912,AUCALOMA,SAN MARTIN,SAN ANTONIO
060907,CARMEN CAUTIVO,CAJAMARCA,TABACONAS
080101,SAGRADA FAMILIA,CUSCO,CUSCO
220101,SANTA ROSA DE OROMINA,SAN MARTIN,MOYOBAMBA
200101,OPTICA MEGA LENS,PIURA,PIURA
090117,CHUCLLACCASA,HUANCAVELICA,YAULI
150713,CUCULI,LIMA,MARIATANA
210309,LOROMAYO,PUNO,SAN GABAN
220905,NAVARRO,SAN MARTIN,CHIPURANA
200101,CENTRO MEDICO A&D,PIURA,PIURA
101005,WARIWAYIN,HUANUCO,RONDOS
221005,PUESTO DE SALUD SAN CRISTOBAL,SAN MARTIN,UCHIZA
080108,WORLD OPTICS,CUSCO,WANCHAQ
010504,QUILLILLIC,AMAZONAS,COLCAMAR
010705,DUNIA GRANDE,AMAZONAS,JAMALCA
010310,LA FLORIDA DE SHIPASBAMBA,AMAZONAS,SHIPASBAMBA
060607,MOSHOQUEQUE,CAJAMARCA,QUEROCOTILLO
060805,HUACO,CAJAMARCA,HUABAL
010505,NUEVO LUYA,AMAZONAS,CONILA
010203,LLUHUANA,AMAZONAS,COPALLIN
080108,GRUPO RAICES,CUSCO,WANCHAQ
010310,COMBOCA,AMAZONAS,SHIPASBAMBA
120606,POTSOTENI,JUNIN,PANGOA
120606,UNION PUERTO ASHANINKA,JUNIN,PANGOA
250302,NUEVO UCAYALI KM.98,UCAYALI,IRAZOLA
220901,PUESTO DE SALUD ATUMPAMPA,SAN MARTIN,TARAPOTO
030504,MUTUHUASI,APURIMAC,HAQUIRA
150119,ODENTOSALUD SAC,LIMA,LURIN
150124,CENTRO DE SALUD BENJAMIN DOIG,LIMA,PUCUSANA
160205,P.S. I-1 PORVENIR DE PAPAYACU,LORETO,JEBEROS
060901,MIRAFLORES,CAJAMARCA,SAN IGNACIO
140202,HIERBA BUENA,LAMBAYEQUE,CAÑARIS
080105,Dra. Denisse Bueno,CUSCO,SAN SEBASTIAN
140306,HUACA TRAPICHE DE BRONCE,LAMBAYEQUE,MORROPE
150133,VILLA DIAL,LIMA,SAN JUAN DE MIRAFLORES
061105,LAS PENCAS,CAJAMARCA,EL PRADO
200101,CENTRO MEDICO BOSCONIA,PIURA,PIURA
150130,DENTAL CLASS,LIMA,SAN BORJA
150131,CLINICA JAVIER PRADO,LIMA,SAN ISIDRO
080201,ACOMAYO - ESSALUD,CUSCO,ACOMAYO
150122,CENTRO DE DIALISIS SANTA ANA,LIMA,MIRAFLORES
200101,CONSULTORIO DENTAL DRA. DIANA LEON,PIURA,PIURA
110201,CLÍNICA SOLDEVILLA,ICA,CHINCHA ALTA
211201,POSTA MEDICA SANDIA - ESSALUD - RED ASISTENCIAL JULIACA,PUNO,SANDIA
080101,DIAGNOSTICO MEDICO DRA.. COA,CUSCO,CUSCO
190113,CENTRO MEDICO DE SAN JUAN,PASCO,YANACANCHA
190108,POSTA MEDICO DE MILPO,PASCO,SAN FCO DE ASIS DE YARUSYACAN
010204,UNION PROGRESO,AMAZONAS,EL PARCO
190104,POSTA MEDICA DE HUARON,PASCO,HUAYLLAY
090117,PUESTO DE SALUD CHUÑUNAPAMPA,HUANCAVELICA,YAULI
150122,LUCES,LIMA,MIRAFLORES
010109,BUIQUIL,AMAZONAS,LA JALCA
010105,SENGACHE,AMAZONAS,CHILIQUIN
010602,SAN ANTONIO,AMAZONAS,CHIRIMOTO
200115,"CENTRO MEDICO ""SEGURIDAD EN EL TRABAJO Y EMERGENCIAS OCUPACIONALES"" - STEO - AMBULANCIA",PIURA,VEINTISEIS DE OCTUBRE
110305,NASCA,ICA,VISTA ALEGRE
140301,CONSULTORIO OBSTETRICO VIDA MUJER,LAMBAYEQUE,LAMBAYEQUE
040101,CONSULTORIO UROLOGIA VIDAS,AREQUIPA,AREQUIPA
150716,EL VALLE,LIMA,SAN ANTONIO
050806,PUESTO DE SALUD CCALACCAPCHA,AYACUCHO,OYOLO
120801,NATCLAR LA OROYA,JUNIN,LA OROYA
150116,OFTALMOLENS E.I.R.L.,LIMA,LINCE
100101,"CENTRO DE SALUD MENTAL COMUNITARIO ""ESPERANZA""",HUANUCO,HUANUCO
010609,GARZAYACU,AMAZONAS,OMIA
140306,HUACA DE BARRO,LAMBAYEQUE,MORROPE
010309,SAN CARLOS,AMAZONAS,SAN CARLOS
150117,CONSULTORIO DENTAL SONRISAS Y DETALLES,LIMA,LOS OLIVOS
010202,ARAMANGO,AMAZONAS,ARAMANGO
060505,JAGUEY,CAJAMARCA,SAN BENITO
061111,QUEBRADA HONDA,CAJAMARCA,SAN SILVESTRE DE COCHAN
120704,CASCA,JUNIN,HUASAHUASI
060419,EL NARANJO (CHALAMARCA),CAJAMARCA,CHALAMARCA
140206,LAS LOMAS,LAMBAYEQUE,PUEBLO NUEVO
140203,MOYAN,LAMBAYEQUE,INCAHUASI
010609,TOCUYA,AMAZONAS,OMIA
010203,PAN DE AZUCAR,AMAZONAS,COPALLIN
010701,NUEVO HORIZONTE,AMAZONAS,BAGUA GRANDE
010503,YOMBLON DE COCABAMBA,AMAZONAS,COCABAMBA
010521,MARAYPATA,AMAZONAS,SANTO TOMAS
010521,LLACTAPAMPA,AMAZONAS,SANTO TOMAS
010503,MENDAN,AMAZONAS,COCABAMBA
060413,EL LIRIO,CAJAMARCA,PACCHA
130501,SANTA TERESA,LA LIBERTAD,JULCAN
160706,PUESTO DE SALUD I-1 KUYUNTZA DEL MANCHARI,LORETO,ANDOAS
010514,TRIBULON,AMAZONAS,PISUQUIA
010109,YERBABUENA,AMAZONAS,LA JALCA
160507,EL SOL,LORETO,SAQUENA
080108,GASTRO ECOMEDIC,CUSCO,WANCHAQ
060613,LANCHEPATA,CAJAMARCA,SANTO TOMAS
060613,SAN LUIS,CAJAMARCA,SANTO TOMAS
060303,ANDAMACHAY,CAJAMARCA,CORTEGANA
250101,DOS DE MAYO KM.12,UCAYALI,CALLERIA
060614,EL PORVENIR,CAJAMARCA,SOCOTA
010401,SAASA,AMAZONAS,NIEVA
010110,LEYMEBAMBA,AMAZONAS,LEIMEBAMBA
010110,CHILCHOS,AMAZONAS,LEIMEBAMBA
010305,FANRRE,AMAZONAS,CUISPES
060105,MICUYPAMPA,CAJAMARCA,ENCAÑADA
010505,CONILA COHECHAN,AMAZONAS,CONILA
060601,SALABAMBA,CAJAMARCA,CUTERVO
200101,OPTICAS  VILLANUEVA,PIURA,PIURA
060614,MOCHADIN,CAJAMARCA,SOCOTA
061105,QUINDEN BAJO,CAJAMARCA,EL PRADO
060502,LLALLAN,CAJAMARCA,CHILETE
061303,CULDEN,CAJAMARCA,CATACHE
130112,ALTO  TRUJILLO,LA LIBERTAD,ALTO TRUJILLO
080901,SAN AGUSTIN,CUSCO,SANTA ANA
200801,POSTA MEDICA SECHURA,PIURA,SECHURA
100601,SANIDAD DEL BTN FFEE Nº 313,HUANUCO,RUPA-RUPA
150110,DENTAL SANTA ROSA,LIMA,COMAS
080404,SUYO,CUSCO,LARES
150801,BEAUTY DENT,LIMA,HUACHO
030304,CALCAUSO,APURIMAC,JUAN ESPINOZA MEDRANO
110201,CLINICA DE LOS VASQUEZ S.A.C.,ICA,CHINCHA ALTA
200701,SEGUSALUT S.R.L,PIURA,PARIÑAS
040122,AREQUIPA - EP MUJERES -INPE,AREQUIPA,SOCABAYA
130101,ONCORAD S.A.C.,LA LIBERTAD,TRUJILLO
080106,OXIGEN MEDICAL NETWORK,CUSCO,SANTIAGO
100608,ENFERMERÍA MILITAR DEL BING COMB N° 112,HUANUCO,CASTILLO GRANDE
150122,CONSULTORIO ESTETICA LASER,LIMA,MIRAFLORES
010609,NUEVO CHACHAPOYAS,AMAZONAS,OMIA
140108,VALLE HERMOSO,LAMBAYEQUE,MONSEFU
200101,"CONSULTORIO ODONTOLOGICO ""LOZANO""",PIURA,PIURA
130107,ALTO MOCHE,LA LIBERTAD,MOCHE
150801,CONSULTORIO MEDICO SANTA ROSA Y TOMA DE MUESTRA,LIMA,HUACHO
050401,PUESTO DE SALUD CCACCAS,AYACUCHO,HUANTA
010120,QUITACHI,AMAZONAS,SOLOCO
060809,EL ESPINO,CAJAMARCA,SALLIQUE
150122,INSTITUTO DE MEDICINA FUNCIONAL E INTEGRAL S.A.C.-IMFEI S.A.C.,LIMA,MIRAFLORES
211205,APOROMA,PUNO,PHARA
110508,JOSE PEREZ MONZON,ICA,TUPAC AMARU INCA
060905,LA BALSA,CAJAMARCA,NAMBALLE
080902,BCT N° 314 - KEPASHIATO,CUSCO,ECHARATE
060304,SENDAMAL DE HUASMIN,CAJAMARCA,HUASMIN
160507,PUESTO DE SALUD I-1YUCURUCHI,LORETO,SAQUENA
080105,AVANT SALUD,CUSCO,SAN SEBASTIAN
150105,corfortdent,LIMA,BREÑA
130103,POLICLINICO SAN JOSEMARIA,LA LIBERTAD,FLORENCIA DE MORA
080101,MICROLAB,CUSCO,CUSCO
040129,POLICLINICO DIVINO NIÑO,AREQUIPA,JOSE LUIS BUSTAMANTE Y RIVERO
130104,VICTOR RAUL HAYA DE LA TORRE,LA LIBERTAD,HUANCHACO
130112,BARRIO 1,LA LIBERTAD,ALTO TRUJILLO
010701,LA PALMA,AMAZONAS,BAGUA GRANDE
060105,GALENO,CAJAMARCA,ENCAÑADA
040101,MEDICENTRO ARCANGEL - AREQUIPA 5,AREQUIPA,AREQUIPA
150103,POLICLINICO INTERNACIONAL,LIMA,ATE
080101,DRA.ELIANA OJEDA,CUSCO,CUSCO
200602,"LABORATORIO DE ANALISIS CLINICOS ""SAN ANTONIO"" S.A.C",PIURA,BELLAVISTA
200101,OPTICA LA UNICA VISION,PIURA,PIURA
080902,TRIO RIO,CUSCO,ECHARATE
110201,POLICLINICO SAN JOSE CHINCHA EIRL,ICA,CHINCHA ALTA
150128,"HOSPITAL PNP ""AUGUSTO B. LEGUIA""",LIMA,RIMAC
080105,ASPRECE CUSCO,CUSCO,SAN SEBASTIAN
120607,MIGUEL GRAU,JUNIN,RIO NEGRO
130602,LA MORADA,LA LIBERTAD,AGALLPAMPA
200101,MEDICOS ASOCIADOS SAN SEBASTIAN S.A.C.,PIURA,PIURA
150509,POSTA MEDICA UNIDAD CONDESTABLE,LIMA,MALA
150117,BEST SERVICE,LIMA,LOS OLIVOS
120606,LOS ÁNGELES DE EDEN,JUNIN,PANGOA
150131,OFTALMOLOGOS CONTRERAS  C.SCRL,LIMA,SAN ISIDRO
160108,SAMU GERESA LORETO.-CPCED,LORETO,PUNCHANA
090118,CLÍNICA HEALTH AND SAFETY OCCUPATIONAL,HUANCAVELICA,ASCENSION
200104,"CENTRO MEDICO OCUPACIONAL ""PODEROSO CAUTIVO"" E.I.R.L.",PIURA,CASTILLA
060109,SAN CRISTOBAL,CAJAMARCA,MAGDALENA
250201,POLICLINICO BIOSALUD ATALAYA E.I.R.L.,UCAYALI,RAIMONDI
040124,SERVICIOS MEDICOS LAY DOWN,AREQUIPA,UCHUMAYO
010609,NUEVO CHIRIMOTO,AMAZONAS,OMIA
200104,DENTAL  J&O,PIURA,CASTILLA
150130,INA SCAN,LIMA,SAN BORJA
150134,MEDICENTER SAN LUIS,LIMA,SAN LUIS
140301,CAPILLA SANTA ROSA LAMBAYEQUE,LAMBAYEQUE,LAMBAYEQUE
080108,SALUD PSICOMED WANCHAQ,CUSCO,WANCHAQ
190305,SAN JOSE,PASCO,POZUZO
140101,Centro Médico SIPAN,LAMBAYEQUE,CHICLAYO
140311,SAN CARLOS,LAMBAYEQUE,SAN JOSE
180101,POLICLINICO SERSIMEDIC SAC,MOQUEGUA,MOQUEGUA
060101,MEDITRAN CAJAMARCA,CAJAMARCA,CAJAMARCA
150201,Laboratorio Clinico Medilab,LIMA,BARRANCA
010508,SAN PEDRO Y SAN PABLO,AMAZONAS,LONYA CHICO
200101,SOLEIL CENTRO MEDICO ESTETICO  S.A.C.,PIURA,PIURA
200101,CLINICA SOTOMAYOR SAC,PIURA,PIURA
150141,ESTETICA MCH,LIMA,SURQUILLO
160112,PIAS PUTUMAYO II,LORETO,BELEN
040126,CENTRO DE IMAGENES AREQUIPA E.I.R.L,AREQUIPA,YANAHUARA
150110,ELITE SALUD S.A.C.,LIMA,COMAS
120114,CENTRO GERIATRICO LOS TULIPANES,JUNIN,EL TAMBO
150118,TERRAZOS DENT,LIMA,LURIGANCHO
160112,AISPED LORETO NAUTA,LORETO,BELEN
150601,"CENTRO MÉDICO ""CASASOLA""",LIMA,HUARAL
150117,dental ardent,LIMA,LOS OLIVOS
100201,COCHAPATA,HUANUCO,AMBO
030301,MOLLOCCO,APURIMAC,ANTABAMBA
150130,CONSULTORIO ODONTOLOGICO POSADAS,LIMA,SAN BORJA
010101,OPTICA LATINA,AMAZONAS,CHACHAPOYAS
150120,CENTRO MEDICO MAPFRE - SEDE MAGDALENA,LIMA,MAGDALENA DEL MAR
010312,VILLA HERMOSA,AMAZONAS,YAMBRASBAMBA
230101,ESTETICA PLAST,TACNA,TACNA
160112,PIAS PUTUMAYO I,LORETO,BELEN
200101,"CENTRO MEDICO OCUPACIONAL ""PODEROSO CAUTIVO"" E.I.R.L.",PIURA,PIURA
160304,UNIDAD MEDICA PAVAYACU,LORETO,TROMPETEROS
021601,PUESTO DE SALUD VILCABAMBA,ANCASH,POMABAMBA
160305,UNIDAD MEDICA YANAYACU,LORETO,URARINAS
150120,POLICLINICO SAN MARTIN DE MAGDALENA,LIMA,MAGDALENA DEL MAR
100207,ACOBAMBA,HUANUCO,SAN RAFAEL
120101,CENTRO ODONTOLOGICO AMERICANO - HUANCAYO,JUNIN,HUANCAYO
150142,SISTEMA METROPOLITANO DE LA SOLIDARIDAD  SISOL VILLA EL SALVADOR,LIMA,VILLA EL SALVADOR
160401,JEABF-401 SANTA ROSA,LORETO,RAMON CASTILLA
110501,FLORES ARANGO WILLIAN YOEL,ICA,PISCO
160108,CLINICA YANAMONO,LORETO,PUNCHANA
130101,PACIFICO DEL NORTE SAC,LA LIBERTAD,TRUJILLO
140101,C.M.O RODRÍGUEZ,LAMBAYEQUE,CHICLAYO
150117,RENZULI,LIMA,LOS OLIVOS
090117,HUSNUPATA,HUANCAVELICA,YAULI
200101,LABORATORIO DE ANÁLISIS CLÍNICOS BIONALISIS PIURA S.A.C.,PIURA,PIURA
250102,TUPAC AMARU,UCAYALI,CAMPOVERDE
150110,CENTRO DE DIALISIS NEFRO CONTINENTE SAC,LIMA,COMAS
150142,DENTAL SAN FELIPE,LIMA,VILLA EL SALVADOR
220908,YACUCATINA,SAN MARTIN,JUAN GUERRA
030403,COLCA,APURIMAC,CARAYBAMBA
120107,AZAPAMPA,JUNIN,CHILCA
200101,MEDISALUD EIRL,PIURA,PIURA
150111,POLICLINICO PRIMAVERA,LIMA,EL AGUSTINO
150112,ODONTO SERVICES,LIMA,INDEPENDENCIA
110101,POLICLINICO CONDE DE NIEVA,ICA,ICA
200303,P.S TAMBILLO,PIURA,EL CARMEN DE LA FRONTERA
050616,PAMPA HUASI,AYACUCHO,SAN JUAN
080910,TAMBO DEL ENE,CUSCO,PICHARI
230301,PUESTO DE SALUD FUERTE ARICA,TACNA,LOCUMBA
200701,"CENTRO DE SALUD MENTAL COMUNITARIO ""SAN CLEMENTE""",PIURA,PARIÑAS
090709,ANTA,HUANCAVELICA,HUARIBAMBA
140101,ESTABLECIMIENTO DE SALUD SAN JORGE SAC,LAMBAYEQUE,CHICLAYO
080918,PITIRINQUINI,CUSCO,UNIÓN ASHANINKA
220704,MISHQUIYACU,SAN MARTIN,PILLUANA
150105,ODONTOESTEC,LIMA,BREÑA
221005,POSTA MEDICA SANTA LUCIA,SAN MARTIN,UCHIZA
040124,SERVICIOS MEDICOS CONCENTRADORA,AREQUIPA,UCHUMAYO
030605,PUESTO DE SALUD SACHAPUNA,APURIMAC,OCOBAMBA
160803,ANGUSILLA,LORETO,TENIENTE MANUEL CLAVERO
080902,PUGUIENTIMARI,CUSCO,ECHARATE
130902,NUEVO HUAYCHO,LA LIBERTAD,CHUGAY
060901,BAJO IHUAMACA,CAJAMARCA,SAN IGNACIO
210309,LECHEMAYO,PUNO,SAN GABAN
210107,SORAZA,PUNO,COATA
080105,VIRGEN GUADALUPE CUSCO,CUSCO,SAN SEBASTIAN
210111,INCHUPALLA,PUNO,PICHACANI
220604,SAN JUAN DEL CAÑO,SAN MARTIN,PACHIZA
070106,SOLIDARIO DE PACHACUTEC,CALLAO,VENTANILLA
110201,UNIVERSIDAD PRIVADA SAN JUAN BAUTISTA SAC,ICA,CHINCHA ALTA
030501,PAMPURA,APURIMAC,TAMBOBAMBA
050706,PUESTO DE SALUD CHAICHA,AYACUCHO,PUYUSCA
050505,PUESTO DE SALUD MOLLEBAMBA,AYACUCHO,CHUNGUI
060801,POLICLÍNICO PERUANO CUBANO,CAJAMARCA,JAEN
010609,VISTA HERMOZA DE OMIA,AMAZONAS,OMIA
021808,PUESTO DE SALUD RINCONADA,ANCASH,SANTA
100605,ALTO SAN JUAN DE TULUMAYO,HUANUCO,LUYANDO
100113,SAN PEDRO DE PILLAO,HUANUCO,SAN PABLO DE PILLAO
150133,Consultorio Dental VitoDent,LIMA,SAN JUAN DE MIRAFLORES
160804,PUESTO DE SALUD I-2 REMANSO,LORETO,YAGUAS
150115,POLICLINICO JULIO C. TELLO,LIMA,LA VICTORIA
050116,"CENTRO DE SALUD MILITAR DE LA SEGUNDA BRIGADA DE INFANTERIA ""WARI""",AYACUCHO,ANDRES AVELINO CACERES D.
060701,EL ALUMBRE,CAJAMARCA,BAMBAMARCA
200104,CLINICA PREVENCION Y SALUD E.I.R.L.,PIURA,CASTILLA
010704,JOROBAMBA,AMAZONAS,EL MILAGRO
180301,SERVICIOS MEDICOS SAGRADO CORAZON EI.R.L.,MOQUEGUA,ILO
160108,BARRIO FLORIDO,LORETO,PUNCHANA
190201,TUNANCANCHA,PASCO,YANAHUANCA
150116,CENTRO MÉDICO ANTROPOSÓFICO,LIMA,LINCE
060903,PISAGUAS,CAJAMARCA,HUARANGO
150110,DOCTORA BRACKETS,LIMA,COMAS
021601,CENTRO DE ATENCION PRIMARIA II POMABAMBA,ANCASH,POMABAMBA
150809,CHIUCHIN,LIMA,SANTA LEONOR
010514,PIRCAPAMPA,AMAZONAS,PISUQUIA
110201,VILLA RICA,ICA,CHINCHA ALTA
160705,UWIJINT,LORETO,PASTAZA
040109,CLINICA J. PRADO SANTA MARIA E.I.R.L.,AREQUIPA,MARIANO MELGAR
150716,CENTRO DE SALUD MENTAL COMUNITARIO  SAN  ANTONIO,LIMA,SAN ANTONIO
120423,CANCHAPUNCO,JUNIN,PACCHA
100804,GOYAR PUNTA,HUANUCO,UMARI
120114,CONTINENTAL,JUNIN,EL TAMBO
090206,PUESTO DE SALUD CHOPCCAPAMPA,HUANCAVELICA,PAUCARA
140101,GLOBAL MEDIC,LAMBAYEQUE,CHICLAYO
060101,PURUAY ALTO,CAJAMARCA,CAJAMARCA
210106,PUESTO DE SALUD TACASAYA,PUNO,CHUCUITO
090117,PANTACHI NORTE,HUANCAVELICA,YAULI
060303,MUSADEN,CAJAMARCA,CORTEGANA
200207,PUESTO DE SALUD TONDOPA,PIURA,PAIMAS
040104,PLAN VITAL,AREQUIPA,CERRO COLORADO
040126,PUESTO DE SALUD SUMBAY - CHASQUIPAMPA,AREQUIPA,YANAHUARA
130101,NATCLAR TRUJILLO,LA LIBERTAD,TRUJILLO
080902,MATERIATO,CUSCO,ECHARATE
010612,EL DORADO,AMAZONAS,VISTA ALEGRE
150113,CONSULTORIO MEDICO ESPECIALIZADO ZUÑE,LIMA,JESUS MARIA
100804,HUANIN,HUANUCO,UMARI
150125,CONSULTORIO MEDICO,LIMA,PUENTE PIEDRA
060901,FRANCISCO BOLOGNESI,CAJAMARCA,SAN IGNACIO
060101,MEDITRAN PERU,CAJAMARCA,CAJAMARCA
150132,FRIMAJ DENT,LIMA,SAN JUAN DE LURIGANCHO
160802,IPRESS I-1 SAN FRANCISCO DE ERE,LORETO,ROSA PANDURO
100804,USHUMAYO,HUANUCO,UMARI
100110,YARUMAYO,HUANUCO,YARUMAYO
200204,PUESTO SALUD PILLO,PIURA,LAGUNAS
150105,INTEGRAL DENT PLUS,LIMA,BREÑA
010109,San Bartolome,AMAZONAS,LA JALCA
080101,MEDICUSCO,CUSCO,CUSCO
150123,MEDIDENT,LIMA,PACHACAMAC
010503,QUISQUIS,AMAZONAS,COCABAMBA
160304,P.S. TENIENTE LOPEZ,LORETO,TROMPETEROS
210502,PUESTO DE SALUD E.P CHALLAPALCA,PUNO,CAPASO
150113,CONSULTORIO PSICOLÓGICO JESUS MARIA,LIMA,JESUS MARIA
150113,MER THERAPY,LIMA,JESUS MARIA
150117,SALUD VIAL SEDE LOS OLIVOS,LIMA,LOS OLIVOS
150112,CONSULTORIO MEDICO,LIMA,INDEPENDENCIA
160202,P.S. I-1 ANTIOQUIA DE BALSAPUERTO,LORETO,BALSAPUERTO
150130,ST`YVES LÁSER MEDICINA Y CIRUGÍA ESTÉTICA,LIMA,SAN BORJA
040122,EP AREQUIPA,AREQUIPA,SOCABAYA
190113,CLÍNICA NATCLAR PASCO,PASCO,YANACANCHA
150601,CONSULTORIO MEDICO OBSTETRICO PRESMEDIC SAN JUAN BAUTISTA,LIMA,HUARAL
150117,CONSORCIO MEDICO SILVIA,LIMA,LOS OLIVOS
060901,IHUAMACA,CAJAMARCA,SAN IGNACIO
140101,ESTABLECIMIENTO PENAL PICSI - CHICLAYO,LAMBAYEQUE,CHICLAYO
150103,PREVEMEDICA,LIMA,ATE
050503,CENTRO MEDICO ESPECIALIZADO  “EMERGENCIAS VRAE S.A.C.”,AYACUCHO,AYNA
150131,BEAUBELLE,LIMA,SAN ISIDRO
130102,BERMANLAB,LA LIBERTAD,EL PORVENIR
040101,LABCLINICS AQP SAC,AREQUIPA,AREQUIPA
070101,UNIDAD MEDICA IMPALA PERU SAC,CALLAO,CALLAO
150130,ONCOSALUD,LIMA,SAN BORJA
200104,"CONSULTORIO OBSTETRICO ""LA PRIMAVERA""",PIURA,CASTILLA
040126,CONSULTORIO DENTAL SAN JOSE SAC,AREQUIPA,YANAHUARA
200404,PUESTO DE SALUD I-1 PIURA LA VIEJA,PIURA,LA MATANZA
060805,CAJONES,CAJAMARCA,HUABAL
120604,GLORIABAMBA,JUNIN,MAZAMARI
110506,LA ESPERANZA,ICA,SAN ANDRES
150110,FISIOSERVICE E.I.R.L.,LIMA,COMAS
250105,POSTA SANITARIA DE MISION SUIZA,UCAYALI,YARINACOCHA
050505,PUESTO DE SALUD BELEN CHAPI,AYACUCHO,CHUNGUI
211101,COLLANA JULIACA,PUNO,JULIACA
200105,OPTICA VILENS  E.I.R.L,PIURA,CATACAOS
150135,"CONSULTORIO MEDICO Y ANALISIS CLINICO ""DUEÑAS""",LIMA,SAN MARTIN DE PORRES
150132,DENTAL LENI,LIMA,SAN JUAN DE LURIGANCHO
200101,CLINICA DENTAL ARTEAGA - CLINDENTART,PIURA,PIURA
070105,CONSULTORIOS MÉDICOS MUNICIPALES MONSEÑOR LUIS VALLEJOS SANTONI,CALLAO,LA PUNTA
160703,PUESTO DE SALUD I-2 SANTA ROSA DE SARAMIRIZA,LORETO,MANSERICHE
010110,PLAZAPAMPA,AMAZONAS,LEIMEBAMBA
060805,LA HUACA,CAJAMARCA,HUABAL
200101,CLINICA ALTA GRACIA,PIURA,PIURA
021909,PUESTO DE SALUD PARIASHPAMPA,ANCASH,SAN JUAN
150117,RENACER CELULAS MADRE,LIMA,LOS OLIVOS
101001,TUPAC AMARU,HUANUCO,JESUS
250106,NUEVO PIURA,UCAYALI,NUEVA REQUENA
150602,BAÑOS,LIMA,ATAVILLOS ALTO
150142,consultorios Mia SAC,LIMA,VILLA EL SALVADOR
110103,PARIÑA CHICO,ICA,LOS AQUIJES
110201,PLUS VIDA CHINCHA,ICA,CHINCHA ALTA
131104,SIMBRON,LA LIBERTAD,SAYAPULLO
060701,QUENGO RIO BAJO,CAJAMARCA,BAMBAMARCA
210504,ENFERMERIA DE LA ESCUELA DE MONTAÑA,PUNO,SANTA ROSA
010312,YAMBRASBAMBA,AMAZONAS,YAMBRASBAMBA
081205,HUARA HUARA,CUSCO,CCATCA
150140,PUESTO DE SALUD LAS DUNAS,LIMA,SANTIAGO DE SURCO
010606,SHUCUSH,AMAZONAS,LONGAR
060111,HUANICO,CAJAMARCA,NAMORA
160108,BAP RIO YAVARI,LORETO,PUNCHANA
160704,"BATALLÓN DE SELVA ""CORONEL ALFONZO UGARTE VERNAL  "" N° 47- NUEVA BARRANCA",LORETO,MORONA
151002,POSTA MEDICA YAURICOCHA,LIMA,ALIS
040101,POLICLINICO PARTICULAR SANTA PATRICIA EIRL,AREQUIPA,AREQUIPA
200101,CENTRO INTEGRAL DE DIAGNOSTICO Y TRATAMIENTO DE ENFERMEDADES RENALES E.I.R.L.,PIURA,PIURA
110211,TAMBO DE MORA,ICA,TAMBO DE MORA
010609,LEGIA CHICO,AMAZONAS,OMIA
080101,MUNICIPAL CUSCO,CUSCO,CUSCO
160605,PUESTO DE SALUD I-1 HUAÑUNA,LORETO,SARAYACU
080108,VIRGEN INMACULADA CUSCO,CUSCO,WANCHAQ
140201,CENTRO MEDICO CICSA,LAMBAYEQUE,FERREÑAFE
150116,CENTRO MEDICO EPSIMEDIC,LIMA,LINCE
020801,PUESTO DE SALUD CASA BLANCA,ANCASH,CASMA
100603,RIO AZUL,HUANUCO,HERMILIO VALDIZAN
210401,SANTIAGO MUCHO CHAMBILLA,PUNO,JULI
150101,SERVIMEDIC S.P.S,LIMA,LIMA
150122,CIRMAX,LIMA,MIRAFLORES
210902,SUCUNI JAPISI,PUNO,CONIMA
160403,"BATALLÓN DE SELVA ""SOLDADO REYNALDO BARTRA DIAZ "" N° 525- NUEVA JERUSALEN DEL ERENE",LORETO,YAVARI
010307,SAN JERONIMO,AMAZONAS,JAZAN
160210,P.S. I-1 ACHUAL TIPISCHA,LORETO,SANTA CRUZ
170203,BOCA AMIGO,MADRE DE DIOS,MADRE DE DIOS
040126,HOSPITAL III YANAHUARA,AREQUIPA,YANAHUARA
100113,SANTA ISABEL,HUANUCO,SAN PABLO DE PILLAO
140312,LOS BANCES,LAMBAYEQUE,TUCUME
060801,CONSULTORIO MEDICO OBSTETRICO SEÑOR DE LUREN,CAJAMARCA,JAEN
040110,MEDICENTRO ARCANGEL,AREQUIPA,MIRAFLORES
150716,PEDRO ABRAHAM LOPEZ GUILLEN,LIMA,SAN ANTONIO
190305,SANTA  VIRGINIA,PASCO,POZUZO
100507,PUESTO DE SALUD CASHAPAMPA,HUANUCO,MONZON
010706,SANTA ROSA DE JAIPE,AMAZONAS,LONYA GRANDE
100307,TINGO CHICO,HUANUCO,CHUQUIS
210807,ICHUCAHUA,PUNO,ORURILLO
150113,MEDICINA FÍSICA Y REHABILITACIÓN JESUS MARIA,LIMA,JESUS MARIA
210102,SULLCACATURA,PUNO,ACORA
211004,JANANSAYA,PUNO,QUILCAPUNCU
110201,FAMISALUD,ICA,CHINCHA ALTA
160211,P.S. I-1 SAN MIGUEL DE TENIENTE CESAR LOPEZ ROJAS,LORETO,TENIENTE CESAR LOPEZ ROJAS
190106,CHUNQUIPATA,PASCO,PALLANCHACRA
010203,SANTA CRUZ DE MOROCHAL,AMAZONAS,COPALLIN
210110,SAN MARTIN DE PORRES YANICO,PUNO,PAUCARCOLLA
150120,HOME TOTAL CARE,LIMA,MAGDALENA DEL MAR
120606,SAN JOSE DE MIRAFLORES,JUNIN,PANGOA
120416,UCHUBAMBA,JUNIN,MASMA
210403,CALLAZA,PUNO,HUACULLANI
090114,CONAICASA,HUANCAVELICA,PALCA
120135,LA NUEVA LIBERTAD DE PUNTO,JUNIN,SANTO DOMINGO DE ACOBAMBA
210402,SANTA CRUZ AYRIHUAS,PUNO,DESAGUADERO
100111,CENTRO MEDICO EL BUEN SAMARITANO EMPRESA INDIVIDUAL DE RESPONSABILIDAD LIMITADA,HUANUCO,PILLCO MARCA
030202,SAN JUAN DE MIRAFLORES,APURIMAC,ANDARAPA
211101,CLINICA INTERNACIONAL NACER,PUNO,JULIACA
150103,OBGYR - CENTRO GINECOLÓGICO,LIMA,ATE
200104,PREVENIR CENTRO MEDICO Y ODONTOLOGICO,PIURA,CASTILLA
061103,GORDILLOS,CAJAMARCA,CALQUIS
190113,CENTRO MÉDICO DEL TRANSPORTISTA,PASCO,YANACANCHA
080106,MIR SALUD,CUSCO,SANTIAGO
101005,HUACARCOCHA,HUANUCO,RONDOS
040101,CITEM S.A.C.,AREQUIPA,AREQUIPA
250304,VIRGEN DEL CARMEN,UCAYALI,NESHUYA
110505,PLUSPETROL,ICA,PARACAS
030218,SAN JUAN DE OCCOLLO,APURIMAC,TURPO
220504,NUEVO TOCACHE,SAN MARTIN,CAYNARACHI
020101,CENTRO MEDICO OLIDENT CLINIC SAC,ANCASH,HUARAZ
200115,CENTRO PASTORAL SAN VICENTE DE PAUL,PIURA,VEINTISEIS DE OCTUBRE
010301,LAS PALMAS,AMAZONAS,JUMBILLA
150805,CENTRO MEDICO Y DENTAL SAN BARTOLOME,LIMA,HUALMAY
150130,CENTRO DE DIALISIS RENEXA,LIMA,SAN BORJA
150115,POSTA MÉDICA CONSTRUCCIÓN CIVIL,LIMA,LA VICTORIA
150116,SALUD VIAL,LIMA,LINCE
160606,IPRESS SHETEVO,LORETO,VARGAS GUERRA
160601,IPRESS LIBERTADOR,LORETO,CONTAMANA
110108,COLLAZOS,ICA,SALAS
200104,CENTRO OFTALMOLOGICO DSC,PIURA,CASTILLA
090607,PELAPATA,HUANCAVELICA,PILPICHACA
160108,CONSULTORIO MÉDICO OBSTÉTRICO VIDA Y SALUD,LORETO,PUNCHANA
090103,PATOCCOCHA,HUANCAVELICA,ACORIA
210303,TAYPE,PUNO,AYAPATA
150112,CLINICA JESUS DEL NORTE,LIMA,INDEPENDENCIA
200115,NORSALUD,PIURA,VEINTISEIS DE OCTUBRE
080105,MEDFIS,CUSCO,SAN SEBASTIAN
040516,S.G. NATCLAR S.A.C.,AREQUIPA,TAPAY
200101,CENTRO DENTAL KIRU HAMPY KAMAYOQ,PIURA,PIURA
150117,POLYDENT,LIMA,LOS OLIVOS
120114,MC ODONTOMEDIC,JUNIN,EL TAMBO
061002,PUESTO DE SALUD POMARONGO,CAJAMARCA,CHANCAY
230101,CENTRO DE SALUD MENTAL COMUNITARIO VILLA DEL NORTE,TACNA,TACNA
120606,LOS MANANTIALES,JUNIN,PANGOA
200101,COSMEDENT S.R.L,PIURA,PIURA
211101,"""AP CENTROS MEDICOS CUYO CUYO E.I.R.L.",PUNO,JULIACA
150135,MEDVIDA SALUD E.I.R.L.,LIMA,SAN MARTIN DE PORRES
200115,PREVENTU SALUD,PIURA,VEINTISEIS DE OCTUBRE
150131,JOSE GUSTAVO CAMINO CARRILLO DE ALBORNOZ,LIMA,SAN ISIDRO
120606,CENTRO SAURENI,JUNIN,PANGOA
080408,COMBAPATA YANATILE,CUSCO,YANATILE
160201,P.S. I-1 VILLA HERMOSA DE YURIMAGUAS,LORETO,YURIMAGUAS
160604,PUESTO DE SALUD I-2 SANGAMAYO - ALTO PAUYA,LORETO,PAMPA HERMOSA
190308,PUERTO LAGARTO,PASCO,CONSTITUCION
150101,NEFROGOLF,LIMA,LIMA
120114,CLINICA MEDICO QUIRURGICO HUANCAYO,JUNIN,EL TAMBO
150117,CEDIPTEL,LIMA,LOS OLIVOS
190307,CENTRO MEDICO DE VILLA RICA,PASCO,VILLA RICA
200104,"CLINICA DOCENTE ESTOMATOLOGICA UNIVERSIDAD ""ALAS PERUANAS""",PIURA,CASTILLA
160301,PUESTO DE SALUD I-1 SAN JUAN DE PURITANIA,LORETO,NAUTA
160101,BOTICA DEL AHORRO,LORETO,IQUITOS
150811,"Posta Médica ""SANTA ROSA""",LIMA,SAYAN
160108,CONSULTORIO SONRISAS,LORETO,PUNCHANA
150601,POSTA MEDICA RIO SECO,LIMA,HUARAL
200104,BM CORPORACION OFTALMOLOGICA E.I.R.L.,PIURA,CASTILLA
080101,SOEMA,CUSCO,CUSCO
040101,DISTRIBUIDORA  OPTICA SAC,AREQUIPA,AREQUIPA
150143,CONSULTORIO ODONTOLOGICO ESPECIALIZADO VMT,LIMA,VILLA MARIA DEL TRIUNFO
150140,CONSULTORIO ODONTOLOGICO JARANDILLA,LIMA,SANTIAGO DE SURCO
190305,CUSHI,PASCO,POZUZO
150135,CENTRO DE SALUD MESA REDONDA,LIMA,SAN MARTIN DE PORRES
080101,ONCOMED,CUSCO,CUSCO
040101,CENTRO ATENCIÓN PRIMARIA UNSA - CERRO COLORADO,AREQUIPA,AREQUIPA
140112,WORLD LAB,LAMBAYEQUE,PIMENTEL
080101,DR. VICTOR PAREDES,CUSCO,CUSCO
070102,CENTRO MEDICO SAN JUDAS TADEO SEDE NARANJAL - ESCUELA DE CHOFERES SAC,CALLAO,BELLAVISTA
230101,AREA DE SALUD E.P. TACNA,TACNA,TACNA
200601,SERMEDIQ G&B EIRL,PIURA,SULLANA
070101,CONSULTORIO ODONTOLOGICO CANO,CALLAO,CALLAO
160112,PIAS NAPO,LORETO,BELEN
221001,NUEVO BAMBAMARCA,SAN MARTIN,TOCACHE
080101,CASA DEL DIABETICO,CUSCO,CUSCO
150801,CENTRO DE ODONTOPEDIATRÍA DIAZ SAC,LIMA,HUACHO
130101,MEDIC JURIS SERVICES PREMIUN,LA LIBERTAD,TRUJILLO
060805,SANTA ROSA DE HUABAL,CAJAMARCA,HUABAL
080108,ANGLOLAB S.A.,CUSCO,WANCHAQ
150116,FLEBOMEDIC,LIMA,LINCE
150108,ODONTOCENTER,LIMA,CHORRILLOS
150132,OPTICAS MAXLENT´S,LIMA,SAN JUAN DE LURIGANCHO
040121,POSTA MEDICA SANTA RITA DE SIGUAS,AREQUIPA,SANTA RITA DE SIHUAS
160113,CENTRO DE SALUD QUALITY SERV.,LORETO,SAN JUAN BAUTISTA
160305,PUESTO DE SALUD I-2 SARAMURILLO,LORETO,URARINAS
060417,CENTRO PALMA,CAJAMARCA,TACABAMBA
100311,AISPED PATAY RONDOS,HUANUCO,MARIAS
190101,RV MEDIC SALUD OCUPACIONAL SO SRL,PASCO,CHAUPIMARCA
040103,CONSULTORIO MEDICO SAN ANTONIO E.I.R.L,AREQUIPA,CAYMA
150140,MULTIDENT MONTERRICO,LIMA,SANTIAGO DE SURCO
160101,policlinico san lorenzo amazon,LORETO,IQUITOS
090705,POSTA MEDICA CAMPO ARMIÑO,HUANCAVELICA,COLCABAMBA
160112,PIAS MORONA,LORETO,BELEN
150120,BLUE SMILE,LIMA,MAGDALENA DEL MAR
160113,CENTRO MÉDICO HEALTH CARE SAC,LORETO,SAN JUAN BAUTISTA
160113,CENTRO MEDICO JH E.I.R.L,LORETO,SAN JUAN BAUTISTA
150137,DENTAL PERFECT,LIMA,SANTA ANITA
150119,UNIDAD MEDICA OCUPACIONAL VSI INDUSTRIAL,LIMA,LURIN
120101,CENTRO ODONTOLÓGICO ARAUJO,JUNIN,HUANCAYO
120302,CENTRO DE SALUD MENTAL COMUNITARIO PICHANAKI,JUNIN,PERENE
101007,AISPED JESUS - CAURI,HUANUCO,SAN MIGUEL DE CAURI
150131,LABORATORIOS CLINICOS INTEGRADOS,LIMA,SAN ISIDRO
060501,EL MOTE,CAJAMARCA,CONTUMAZA
150108,"POSTA DE SALUD ""CRL JOSÉ JOAQUÍN INCLAN""",LIMA,CHORRILLOS
200104,CENTRO ODONTOLOGICO UNIDENT,PIURA,CASTILLA
150708,S.G. NATCLAR S.A.C - HUANZA,LIMA,HUANZA
150201,CENTRO DE SALUD MENTAL COMUNITARIO DE BARRANCA,LIMA,BARRANCA
200701,AMBULANCIA DE PETROPERU   P2P-813,PIURA,PARIÑAS
150108,CLINICA RICARDO PALMA CENTRO MEDICO PLAZA LIMA SUR,LIMA,CHORRILLOS
200104,FISIO CENTER,PIURA,CASTILLA
150810,CENTRO MEDICO LOS ANGELES EN EL CIELO SAC,LIMA,SANTA MARIA
060701,CENTRO ODONTOLÓGICO MUSADENT G&B S.R.L,CAJAMARCA,BAMBAMARCA
150116,ESTHETICDENT,LIMA,LINCE
200101,CONSULTORIOS MUCHIK S.A.C.,PIURA,PIURA
160112,AISPED TIGRE,LORETO,BELEN
110101,CONSULTORIO MEDICO PODER JUDICIAL ICA,ICA,ICA
080101,JUAN HINOJOSA VARGAS,CUSCO,CUSCO
160112,AISPED UCAYALI,LORETO,BELEN
160112,AISPED ANGAMOS,LORETO,BELEN
040126,fisiomedical centro de fisioterapía y deporte,AREQUIPA,YANAHUARA
040126,MEDICLASER,AREQUIPA,YANAHUARA
200104,DENTAL COSMETIC'S,PIURA,CASTILLA
200115,LABORATORIO CLINICO HEMOLAB S.A.C.,PIURA,VEINTISEIS DE OCTUBRE
080101,SAN MARTIN UNIDAD MEDICA SO,CUSCO,CUSCO
160108,NEXLAB S.A.C.,LORETO,PUNCHANA
230101,ClipsDent,TACNA,TACNA
190107,TALLAPAMPA,PASCO,PAUCARTAMBO
200115,OPTICA EUROVISION,PIURA,VEINTISEIS DE OCTUBRE
060101,CENTRO MEDICO SAN ISIDRO,CAJAMARCA,CAJAMARCA
080101,CORAZON DE JESUS,CUSCO,CUSCO
200104,MEDIVISION PIURA S.A.C.,PIURA,CASTILLA
200104,CENTRO MEDICO LECCA REYES E.I.R.L.,PIURA,CASTILLA
150113,CLINICA SAN MIGUEL S.A.C,LIMA,JESUS MARIA
160108,CENTRO MÉDICO ESTÉTICO CATTLEYA,LORETO,PUNCHANA
150119,POLICLINICO VIDA & SALUD J.A.L.,LIMA,LURIN
110501,CENSEMI SAC,ICA,PISCO
120114,CENTRO DE RADIOLOGIA ESPECIALIZADA PABEL,JUNIN,EL TAMBO
150123,CONSULTORIO MEDICO MEDISUR,LIMA,PACHACAMAC
070101,POLICLINICO EFRALAB,CALLAO,CALLAO
150101,CONSULTORIO MÉDICO OSINERGMIN MAGDALENA,LIMA,LIMA
150143,CONSULTORIO DENTAL SOLIDARIDAD DE VILLA MARIA,LIMA,VILLA MARIA DEL TRIUNFO
150101,CONSULTORIO MEDICO TIANMEN,LIMA,LIMA
120808,CENTRO DE ASISTENCIA MÉDICA Y MEDICINA OCUPACIONAL CLÍNICA GONZÁLES SEDE LA OROYA,JUNIN,SANTA ROSA DE SACCO
160603,IPRESS SANTA ANA,LORETO,PADRE MARQUEZ
150103,CONSULTORIO MEDICO DE SEDAPAL- SEDE ATE,LIMA,ATE
210115,SAN JERONIMO DE ULLAGACHI,PUNO,VILQUE
150120,Servicios Integrales Somos Salud y Vida S.A.C.,LIMA,MAGDALENA DEL MAR
190113,CENTRO MEDICO SAN MAGNO EIRL,PASCO,YANACANCHA
150805,CONSULTORIO DENTAL VIRGEN DEL CARMEN,LIMA,HUALMAY
150116,CONSULTORIO ODONTOLOGICO  WELL DENT,LIMA,LINCE
190101,CLINICA ARMAS,PASCO,CHAUPIMARCA
220909,"CENTRO DE SALUD MENTAL COMUNITARIO ""LA BANDA DE SHILCAYO""",SAN MARTIN,LA BANDA DE SHILCAYO
081306,OXIGEN MEDICAL NETWORK VALLE SAGRADO,CUSCO,OLLANTAYTAMBO
150142,CONSULTORIO ODONTOLOGICO KIRU,LIMA,VILLA EL SALVADOR
150132,Consultorio Odontológico Profesional Emapal Dent,LIMA,SAN JUAN DE LURIGANCHO
120114,RESIDENCIA GERIÁTRICA EDAD DE ORO,JUNIN,EL TAMBO
120503,PARI,JUNIN,ONDORES
230101,CONSULTORIO OBSTETRICO SIEMPRE MUJER,TACNA,TACNA
250105,CENTRO DE DIALISIS NOSTRA SIGNORA DI LOURDES SAC,UCAYALI,YARINACOCHA
150120,REPROFETUS,LIMA,MAGDALENA DEL MAR
150101,BIOMEDICAL CENTER,LIMA,LIMA
150123,CONSULTORIO DENTAL ZEGARRA,LIMA,PACHACAMAC
200104,DENTAL VASMOR,PIURA,CASTILLA
150133,TOSUR  S.A.C.,LIMA,SAN JUAN DE MIRAFLORES
130901,CENTRO DE SALUD MENTAL COMUNITARIO SEMBRANDO ESPERANZA DE HUAMACHUCO,LA LIBERTAD,HUAMACHUCO
150120,SEQUENCE REFERENCE LAB,LIMA,MAGDALENA DEL MAR
040101,CONSULTORIO DE ESPECIALIDADES MÉDICAS VIRGEN DE CHAPI,AREQUIPA,AREQUIPA
200104,CONSULTORIO MEDICO PEDIATRICO,PIURA,CASTILLA
150101,LATERAL,LIMA,LIMA
200101,SANTA LUCIA LABORATORIO CLINICO Y HEMATOLOGICO MEDICA OCUPACIONAL S.A.C.,PIURA,PIURA
150810,CENTRO MEDICO NO TE PASES S.A.C,LIMA,SANTA MARIA
150116,INBIOMEDIC,LIMA,LINCE
200104,DENTAL ZAPATA,PIURA,CASTILLA
200104,SAMU - SERVICIO DE ATENCIÓN MÓVIL DE URGENCIAS,PIURA,CASTILLA
170104,LAS MERCEDES,MADRE DE DIOS,LABERINTO
160108,PIAS RIO PUTUMAYO I,LORETO,PUNCHANA
120803,POSTA MÉDICA UNIDAD MEDICA ANDAYCHAGUA,JUNIN,HUAY HUAY
150101,TBTB PERÚ,LIMA,LIMA
060801,CENTRO MEDICO SAN JUAN,CAJAMARCA,JAEN
040101,CONSULTORIO DE PSICOLOGIA - DELUZ PSICOLOGIA ESPECIALIZADA,AREQUIPA,AREQUIPA
200101,CENTRO MEDICO MUNDO PEDIATRICO S.R.L.,PIURA,PIURA
200104,BUENA VISION NORTE E.I.R.L.,PIURA,CASTILLA
100602,PENDENCIA,HUANUCO,DANIEL ALOMIA ROBLES
150122,CENTRO DIAGNOSTICO MIRAFLORES,LIMA,MIRAFLORES
150716,SAN ANTONIO,LIMA,SAN ANTONIO
150120,ECOVISION MEDICAL,LIMA,MAGDALENA DEL MAR
080108,SEÑOR DE LOS TEMBLORES,CUSCO,WANCHAQ
120901,CONSULTORIO MEDICO EMANUEL,JUNIN,CHUPACA
150134,DENTAL DOUS,LIMA,SAN LUIS
190204,OCHO DE DICIEMBRE,PASCO,PAUCAR
100804,MONTEHUASI,HUANUCO,UMARI
120606,PUERTO PORVENIR,JUNIN,PANGOA
180101,CENTRO ODONTOLOGICO AMERICANO - MOQUEGUA,MOQUEGUA,MOQUEGUA
200115,"LABORATORIO CLINICO ""CRISTO SALUD Y VIDA""",PIURA,VEINTISEIS DE OCTUBRE
120604,TEORIA,JUNIN,MAZAMARI
080408,CHANCAMAYO,CUSCO,YANATILE
050110,"CENTRO MEDICO  ""MARÍA AUXILIADORA"" S.A.C.",AYACUCHO,SAN JUAN BAUTISTA
120805,POSTA MEDICA UNIDAD DE TICLIO,JUNIN,MOROCOCHA
190109,PUESTO DE SALUD E.P. PASCO,PASCO,SIMON BOLIVAR
040606,POLICLINICO CENTURY,AREQUIPA,RIO GRANDE
040129,omniamedica sociedad anonima cerrada,AREQUIPA,JOSE LUIS BUSTAMANTE Y RIVERO
150110,FABIDENT,LIMA,COMAS
200701,"CENTRO ODONTOLOGICO ""ORTODONCIA SMILE""",PIURA,PARIÑAS
130704,BERMANLAB,LA LIBERTAD,PACASMAYO
150118,POLICLINICO SANTA FE,LIMA,LURIGANCHO
050304,PUESTO DE SALUD SAN ANTONIO DE JULO,AYACUCHO,SANTIAGO DE LUCANAMARCA
200101,CENTRO MEDICO SANTA MARIA DE LOS ANGELES S.R.L.,PIURA,PIURA
150135,POLICLINICO T'SANA,LIMA,SAN MARTIN DE PORRES
211105,POLICLINICO HOLY ROSE JR,PUNO,SAN MIGUEL
150801,SAMU REGIÓN LIMA,LIMA,HUACHO
150120,BIOLINKS S.A.,LIMA,MAGDALENA DEL MAR
080101,CAYETANO HEREDIA,CUSCO,CUSCO
211105,"Centro de Atención Integral ""Sumaq kausay""",PUNO,SAN MIGUEL
130111,CLÍNICA FÁTIMA,LA LIBERTAD,VICTOR LARCO HERRERA
200101,CENTRO ODONTOLOGICO ORAL ESTHETC - PIURA E.I.R.L.,PIURA,PIURA
080101,ODONTOLIT,CUSCO,CUSCO
080101,OSCAR HINOJOSA,CUSCO,CUSCO
200701,NAVIERA TRAMARSA S.A.,PIURA,PARIÑAS
150122,CABI CARE,LIMA,MIRAFLORES
150101,POLICLINICO MEDICARRERA,LIMA,LIMA
180301,CENTRO MEDICO PAMPA INALAMBRICA,MOQUEGUA,ILO
200104,CONSULTORIO ESTETICO PRIVADO DRA. SALLY GARCIA GARCIA,PIURA,CASTILLA
150801,CONSULTORIO ODONTOLOGICO MOLINA,LIMA,HUACHO
150135,EXACTOLAB,LIMA,SAN MARTIN DE PORRES
100102,TECNOLAB,HUANUCO,AMARILIS
040101,CONSULTORIO MÉDICO DE OFTALMOLOGÍA,AREQUIPA,AREQUIPA
200115,"CENTRO MEDICO   ""CESPEDES""",PIURA,VEINTISEIS DE OCTUBRE
160201,P.S. I-1 NUEVO PIJUAYAL DE YURIMAGUAS,LORETO,YURIMAGUAS
051108,PUESTO DE SALUD SAN LORENZO DE ÑUÑUNHUAYCCO,AYACUCHO,VISCHONGO
110101,CLINICA DE ORTOPEDIAS Y FRACTURAS E.I.R.L.,ICA,ICA
160801,PUESTO DE SALUD I-1  LA FLORIDA,LORETO,PUTUMAYO
150135,CENTRO DE SALUD VIRGEN DEL PILAR DE NARANJAL,LIMA,SAN MARTIN DE PORRES
050304,PUESTO DE SALUD SAN MARTIN DE TIO PAMPA,AYACUCHO,SANTIAGO DE LUCANAMARCA
190102,PUAGMARAY,PASCO,HUACHON
140311,BODEGONES,LAMBAYEQUE,SAN JOSE
070104,DEPARTAMENTO DE SANIDAD DE LA  ESTACION NAVAL DE LA COMANDANCIA GENERAL DE LA MARINA - LA PERLA,CALLAO,LA PERLA
040112,SERVICIOS MEDICOS CRISTO SALVADOR DE FAMSOR E.I.R.L.,AREQUIPA,PAUCARPATA
040201,HOSPITAL DE CAMANA,AREQUIPA,CAMANA
060803,TABACAL CHONTALI,CAJAMARCA,CHONTALI
040301,POSTA MEDICA CARAVELI,AREQUIPA,CARAVELI
070101,CMP AMAUTA SAC,CALLAO,CALLAO
090603,OCOBAMBA,HUANCAVELICA,CORDOVA
080108,MEDITEC,CUSCO,WANCHAQ
080101,SOS LABCLIN CUSCO,CUSCO,CUSCO
200101,CONSULTORIO MEDICO SALUD ES VIDA,PIURA,PIURA
200101,VACUSALUD E.I.R.L.,PIURA,PIURA
140101,CRUZ DE LA ESPERANZA,LAMBAYEQUE,CHICLAYO
051005,PUESTO DE SALUD UMASI,AYACUCHO,CANARIA
200101,IDEAS S.A.,PIURA,PIURA
200101,DAVIDLAB,PIURA,PIURA
211001,SANTA  ANA TARUCANI,PUNO,PUTINA
110501,SAN JUAN DE DIOS,ICA,PISCO
200404,P.S  I-2  LA BOCANA,PIURA,LA MATANZA
080605,PHINAYA,CUSCO,PITUMARCA
190208,SAN MIGUEL DE CUCHIS,PASCO,VILCABAMBA
040104,PUESTO DE SALUD NAZARENO,AREQUIPA,CERRO COLORADO
020501,PUESTO DE SALUD PAMPA DE LAMPAS,ANCASH,CHIQUIAN
020105,CENTRO DE DIAGNOSTICO CLINICO ECOGRAFICO Dr ESCALANTE EIRL,ANCASH,INDEPENDENCIA
200104,CENTRO MEDICO CASTRO READI,PIURA,CASTILLA
180101,QUALAB,MOQUEGUA,MOQUEGUA
060406,CHOROPAMPA,CAJAMARCA,CHOROPAMPA
010521,TINTIN,AMAZONAS,SANTO TOMAS
170203,ALTO PUQUIRI,MADRE DE DIOS,MADRE DE DIOS
180105,P.S. PUENTE BELLO,MOQUEGUA,SAN CRISTOBAL
200604,PUESTO DE SALUD CHILACO PELADOS,PIURA,LANCONES
220508,PAMASHTO,SAN MARTIN,SAN ROQUE DE CUMBAZA
120126,DOS DE MAYO,JUNIN,PUCARA
120602,PALMAPAMPA,JUNIN,COVIRIALI
070106,CONSULTORIO DR.  LEVANO,CALLAO,VENTANILLA
080105,V.O.C.E.  DENTAL,CUSCO,SAN SEBASTIAN
160705,P.S. I-2 CHUINTAR,LORETO,PASTAZA
090402,COTAS,HUANCAVELICA,ARMA
150108,PUESTO DE SALUD DEFENSORES DE LIMA,LIMA,CHORRILLOS
160211,P.S. I-1 NUEVO PAPAPLAYA,LORETO,TENIENTE CESAR LOPEZ ROJAS
150121,CLINICA ESPECIALIZADA EN CIRUGÍA PLÁSTICA SAN AGUSTIN,LIMA,PUEBLO LIBRE
010116,OLLEROS,AMAZONAS,OLLEROS
150122,ANANDAVIDA,LIMA,MIRAFLORES
150105,CDG MEDICOS SAC,LIMA,BREÑA
200115,HAPPY  DENT´S,PIURA,VEINTISEIS DE OCTUBRE
150114,santa elena,LIMA,LA MOLINA
101004,IPRESS QUEROPALCA,HUANUCO,QUEROPALCA
150136,POLICLINICO MUNICIPAL LA PAZ,LIMA,SAN MIGUEL
160101,LABORATORIO DE REFERENCIA REGIONAL DE LORETO,LORETO,IQUITOS
200104,OPTICA MOGOLLON SAC,PIURA,CASTILLA
200101,CENTRO DE DIALISIS PIURA E.I.R.L.,PIURA,PIURA
200101,DENTAL ZAPATA,PIURA,PIURA
210301,TAYACCUCHO,PUNO,MACUSANI
200115,E.S.  CIENEGUILLO SUR,PIURA,VEINTISEIS DE OCTUBRE
110203,SALUS LABORIS,ICA,CHAVIN
040101,CLINICA AREQUIPA S.A.,AREQUIPA,AREQUIPA
200104,MEDICAL CENTER - PIURA CASTILLA E.I.R.L,PIURA,CASTILLA
180101,CENTRO DE SALUD MENTAL COMUNITARIO MARIANO LINO URQUIETA,MOQUEGUA,MOQUEGUA
200115,TUESTA DENT,PIURA,VEINTISEIS DE OCTUBRE
080101,ODONTO BUCAL,CUSCO,CUSCO
150120,Salud365,LIMA,MAGDALENA DEL MAR
200101,CONSULTORIO MEDICO NEFROLOGICO,PIURA,PIURA
230101,DERMOVARIX,TACNA,TACNA
070103,CONSULTORIO CRISTO REY,CALLAO,CARMEN DE LA LEGUA-REYNOSO
080406,TIRACANCHA,CUSCO,SAN SALVADOR
210308,PUESTO DE SALUD DE LA EMPRESA DE GENERACION ELECTRICA SAN GABAN S.A.,PUNO,OLLACHEA
080101,VIRGEN NATIVIDAD,CUSCO,CUSCO
150132,CONSULTORIO MÉDICO ODONTOLÓGICO KIRUMEDIC,LIMA,SAN JUAN DE LURIGANCHO
080905,VERSALLES,CUSCO,OCOBAMBA
150142,MEDIC CENTER VILLA,LIMA,VILLA EL SALVADOR
200104,INSTITUTO MEDICO CASTILLA S.A.C.,PIURA,CASTILLA
150103,CONSULTORIO ODONTOLOGICO A Y G DENTAL MEDIC,LIMA,ATE
160202,C.S. I-3 SAN GABRIEL DE VARADERO,LORETO,BALSAPUERTO
200101,CENTRO MEDICO ESPECIALIZADO MADRE DEL PERPETUO SOCORRO,PIURA,PIURA
150114,PERFEC SMILE,LIMA,LA MOLINA
150806,LOS ANGELES,LIMA,HUAURA
080101,PD DIGITAL,CUSCO,CUSCO
130604,CAYANCHAL,LA LIBERTAD,CHARAT
200210,PUESTO DE SALUD LA LAGUNA,PIURA,SUYO
210101,CENTRO ODONTOLOGICO DIBUJANDO SONRISAS,PUNO,PUNO
150120,DERMATOLOGIA CLINICA QUIRURGICA YESTETICA E.I.R.L.,LIMA,MAGDALENA DEL MAR
080106,CASAFRANCA,CUSCO,SANTIAGO
190308,UNION SIRIA,PASCO,CONSTITUCION
210502,ENFERMERIA RCB N°123 CHALLAPALCA,PUNO,CAPASO
120133,CENTRO DE AISLAMIENTO TEMPORAL - LA COLOMBINA,JUNIN,SAPALLANGA
110112,UNIVERSIDAD PRIVADA SAN JUAN BAUTISTA SAC,ICA,SUBTANJALLA
200405,SERVICIOS MEDICOS BUENA SALUD - MORROPON,PIURA,MORROPON
200115,LABORATORIO DE ANALISIS CLINICOS SALUD Y VIDA,PIURA,VEINTISEIS DE OCTUBRE
150101,DENTISSIMO,LIMA,LIMA
070107,CENTRO DE SALUD MENTAL COMUNITARIO MI PERU,CALLAO,MI PERU
040126,Medicina Nuclear del Sur SAC,AREQUIPA,YANAHUARA
200115,CENTRO MEDICO SANTA MARGARITA,PIURA,VEINTISEIS DE OCTUBRE
160705,NUEVO PROGRESO - HUITOYACU,LORETO,PASTAZA
150137,DENTAL CADENT,LIMA,SANTA ANITA
160604,IPRESS FERNANDO BELAUNDE TERRY,LORETO,PAMPA HERMOSA
120101,SAN VICENTE,JUNIN,HUANCAYO
200801,CENTRO DE SALUD MENTAL COMUNITARIO SECHURA,PIURA,SECHURA
050505,PUESTO DE SALUD CHINCHIBAMBA,AYACUCHO,CHUNGUI
200115,CENTRO DE DIAGNOSTICO  Y APOYO MEDICO DIAGNOSTICLAB,PIURA,VEINTISEIS DE OCTUBRE
150101,NATUR SERVICE E.I.R.L,LIMA,LIMA
140101,HEALTH LAB,LAMBAYEQUE,CHICLAYO
160605,IPRESS TRES UNIDOS,LORETO,SARAYACU
160304,PUESTO DE SALUD  I-2 PROVIDENCIA,LORETO,TROMPETEROS
160108,B.A.P. PASTAZA,LORETO,PUNCHANA
200101,SOLIDARIA: CONSULTORIO MEDICO DE APOYO SOCIAL,PIURA,PIURA
200115,CLÍNICA BELLO HORIZONTE S.A.,PIURA,VEINTISEIS DE OCTUBRE
150123,CONSULTORIO PSICOLOGICO SAN CAMILO,LIMA,PACHACAMAC
200115,CENTRO DE ESPECIALIDADES MEDICAS PREVENTU SALUD,PIURA,VEINTISEIS DE OCTUBRE
230110,LABORATORIO CLINICO BIOCLEAN,TACNA,CORONEL GREGORIO ALBARRACIN L.
150110,ASOCIACION CULTURAL JOHANNES GUTENBERG,LIMA,COMAS
150116,BUENA VISTA,LIMA,LINCE
150107,CONSULTORIO DENTAL ACEVEDO,LIMA,CHACLACAYO
230110,DENTAL PACIFICO ORTODONCIA,TACNA,CORONEL GREGORIO ALBARRACIN L.
150122,CONSULTORIO ODONTOLOGICO MM ODONTOLOGISTS,LIMA,MIRAFLORES
150105,DISFRUTE DENTAL,LIMA,BREÑA
150120,CONSULTORIO UROLÓGICO,LIMA,MAGDALENA DEL MAR
080101,NEUMOVIDA,CUSCO,CUSCO
160101,CENTRO MEDICO POPULAR,LORETO,IQUITOS
150101,ODONTO AMERICA,LIMA,LIMA
150810,MI BREVETE SEGURO SAC.,LIMA,SANTA MARIA
160302,SANTA ISABEL DE YUMBATURO,LORETO,PARINARI
150122,EBSO,LIMA,MIRAFLORES
080104,UNIDAD DE SALUD - UAC,CUSCO,SAN JERONIMO
230110,CONSULTORIO DENTAL SANTO DOMINGO,TACNA,CORONEL GREGORIO ALBARRACIN L.
040101,ALERTA MEDICA,AREQUIPA,AREQUIPA
150716,JOSE LUIS ROMERO AGUILAR,LIMA,SAN ANTONIO
050104,POSTA MEDICO POLICIAL EESTP PNP AYACUCHO,AYACUCHO,CARMEN ALTO
050503,CENTRO MEDICO SAN FRANCISCO,AYACUCHO,AYNA
150137,KADIMAR DENT,LIMA,SANTA ANITA
160108,CENTRO DE SALUD MENTAL COMUNITARIO - PUNCHANA,LORETO,PUNCHANA
150101,IMAGEN DENTAL CENTER E.I.R.L,LIMA,LIMA
050115,EL GALENO,AYACUCHO,JESUS NAZARENO
040101,CENTRO MEDICO UNIVERSITARIO PEDRO P.DIAZ,AREQUIPA,AREQUIPA
200104,ALHAMDULILAH GRACIAS DIOS E.I.R.L.,PIURA,CASTILLA
050910,PUESTO DE SALUD SANTIAGO DE PAUCARAY,AYACUCHO,SANTIAGO DE PAUCARAY
200101,DENTAL MEGA,PIURA,PIURA
080101,FERTILIDAD Y GINECOLOGIA DEL SUR,CUSCO,CUSCO
120107,SANTO TOMAS AQUINO,JUNIN,CHILCA
080902,UNIDAD MEDICA MALVINAS,CUSCO,ECHARATE
030101,PATIBAMBA BAJA,APURIMAC,ABANCAY
180208,P.S. SALINAS MOCHE,MOQUEGUA,PUQUINA
150101,CIRUGIA PLASTICA ANAYA,LIMA,LIMA
230302,PUESTO DE SALUD BOROGUEÑA,TACNA,ILABAYA
060701,APAN BAJO,CAJAMARCA,BAMBAMARCA
150135,"CONSULTORIO ODONTOLOGICO INTEGRAL ""DENTAL LIVE""",LIMA,SAN MARTIN DE PORRES
200801,POLICLINICO MINA BAYOVAR,PIURA,SECHURA
200101,LABORATORIO CLINICO PONGO S.R.L,PIURA,PIURA
180101,LIGA DE LUCHA CONTRA EL CANCER - FILIAL MOQUEGUA,MOQUEGUA,MOQUEGUA
010514,PUEBLO NUEVO,AMAZONAS,PISUQUIA
080301,MENTAL COMUNITARIO ANTA,CUSCO,ANTA
030505,PUESTO DE SALUD CURCA,APURIMAC,MARA
200604,ENFERMERIA RCB N5,PIURA,LANCONES
220901,CENTRO DE HEMODIALISIS EQUILUX SAC,SAN MARTIN,TARAPOTO
150121,AMBULANCIAS AKIMAR,LIMA,PUEBLO LIBRE
211205,CHEJANI,PUNO,PHARA
150116,JMG SERVICIOS,LIMA,LINCE
150135,SUAREZDENT,LIMA,SAN MARTIN DE PORRES
120107,CENTRO MEDICO CALEB,JUNIN,CHILCA
150137,CONSULTORIO MEDICO HOPE CELLS,LIMA,SANTA ANITA
200105,CENTRO MEDICO MONZON,PIURA,CATACAOS
040702,PUESTO DE SALUD SAN CAMILO 7,AREQUIPA,COCACHACRA
150810,"CLINICA ESPECIALIZADA  ""SAN CARLOS""",LIMA,SANTA MARIA
150122,LAB CENTER,LIMA,MIRAFLORES
210401,CALLACAMI,PUNO,JULI
010109,QUILLUNYA,AMAZONAS,LA JALCA
010120,MITO,AMAZONAS,SOLOCO
070106,POLICLINICO EMMANUEL,CALLAO,VENTANILLA
040110,SIGNUMEDIK CENTRO MEDICO ESPECIALIZADO EN DIALISIS,AREQUIPA,MIRAFLORES
080101,DENTAL CLUB,CUSCO,CUSCO
230108,CONSULTORIO MEDICO IBEROAMERICANO,TACNA,POCOLLAY
150132,America odontologia integral,LIMA,SAN JUAN DE LURIGANCHO
150137,HOSPITAL HERMILIO VALDIZAN,LIMA,SANTA ANITA
150140,PUESTO DE SALUD MATEO PUMACAHUA,LIMA,SANTIAGO DE SURCO
200104,AUNA CLINICA MIRAFLORES,PIURA,CASTILLA
010305,CUISPES,AMAZONAS,CUISPES
160108,DENTI STAR E.I.R.L.,LORETO,PUNCHANA
080101,SANTA RITA,CUSCO,CUSCO
150116,SALUDVIAL,LIMA,LINCE
200101,DENTOPLUS,PIURA,PIURA
080108,CORPORACION JOSE PRADO CUSCO,CUSCO,WANCHAQ
120504,RAYMONDI,JUNIN,ULCUMAYO
150113,CENTRO MEDICO JESUS MARIA,LIMA,JESUS MARIA
080105,TUPAC AMARU,CUSCO,SAN SEBASTIAN
080706,COLLPA,CUSCO,LLUSCO
130601,SANTA ROSA,LA LIBERTAD,OTUZCO
200405,POSTA MEDICA  ESSALUD MORROPON,PIURA,MORROPON
150716,CENTRO MEDICO SAN ANTONIO,LIMA,SAN ANTONIO
150123,MEDIDENT Consultorio Odontológico,LIMA,PACHACAMAC
040126,CENTRO ODONTOLOGICO SOBRE LA ROCAA SAC,AREQUIPA,YANAHUARA
200101,CENTRO MEDICO SUAVAL S.A.C.,PIURA,PIURA
150117,GASTRODAC E.I.R.L.,LIMA,LOS OLIVOS
150103,ZAORZA SALUD,LIMA,ATE
150118,CARAPONGO MEDICAL CENTER,LIMA,LURIGANCHO
101007,P.S LAURICOCHA,HUANUCO,SAN MIGUEL DE CAURI
150806,ÓPTICAS MULTIVISION,LIMA,HUAURA
150123,LOS PINOS,LIMA,PACHACAMAC
150101,CEDESA - MEDICINA FÍSICA Y REHABILITACIÓN,LIMA,LIMA
040112,SERVIMEDIC EXPRESS,AREQUIPA,PAUCARPATA
200101,OPTICA BUENA VISION,PIURA,PIURA
150101,DIAGNOSCAN DIAGNOSTICO POR IMÁGENES,LIMA,LIMA
120105,CHACAPAMPA,JUNIN,CHACAPAMPA
150801,CENTRO MEDICO PARROQUIAL SANTA ROSA DE LIMA,LIMA,HUACHO
060701,SAN FRANCISCO DE ASIS,CAJAMARCA,BAMBAMARCA
110101,POLICLINICO BREVETES DEL SUR S.A.C.,ICA,ICA
100311,CHIPAQUILLO,HUANUCO,MARIAS
150130,HYSTOPAP,LIMA,SAN BORJA
150122,CENTRO SONRISAS,LIMA,MIRAFLORES
170204,SETAPO,MADRE DE DIOS,HUEPETUHE
120606,SANTA ELENA,JUNIN,PANGOA
160605,LA PEDRERA,LORETO,SARAYACU
130904,EL CALVARIO,LA LIBERTAD,CURGOS
060701,QUINUA BAJA,CAJAMARCA,BAMBAMARCA
210501,CHALLAPUJO SUYO,PUNO,ILAVE
220403,PUESTO DE SALUD COLLPA,SAN MARTIN,EL ESLABON
060614,CHURUMAYO,CAJAMARCA,SOCOTA
010514,EL REJO,AMAZONAS,PISUQUIA
220508,ALTO SHAMBOYACU,SAN MARTIN,SAN ROQUE DE CUMBAZA
060610,SANTO DOMINGO DE LA LUCMA,CAJAMARCA,SAN LUIS DE LUCMA
010402,BUCHIGKIM,AMAZONAS,EL CENEPA
010311,SAN PABLO DE VALERA,AMAZONAS,VALERA
220603,SHEPTE,SAN MARTIN,HUICUNGO
080408,BELLAVISTA,CUSCO,YANATILE
150128,CENTRO MATERNO INFANTIL PIEDRA LIZA,LIMA,RIMAC
220911,HOSPITAL RURAL DE PAPAPLAYA,SAN MARTIN,PAPAPLAYA
200401,P.S SAN PEDRO,PIURA,CHULUCANAS
010609,PAUJIL,AMAZONAS,OMIA
010612,VISTA ALEGRE,AMAZONAS,VISTA ALEGRE
220602,CUÑUMBUZA,SAN MARTIN,CAMPANILLA
010514,HUARANGUILLO,AMAZONAS,PISUQUIA
200101,CENTRO ODONTOLOGICO INTURIAS,PIURA,PIURA
010503,BALERIANA,AMAZONAS,COCABAMBA
150117,INTEGRA SALUD OCUPACIONAL,LIMA,LOS OLIVOS
150135,SOCIAL DENTAL VIPOL,LIMA,SAN MARTIN DE PORRES
060408,LA PALMA,CAJAMARCA,CONCHAN
080108,ESPECIALIZADO CARBAJAL,CUSCO,WANCHAQ
061001,CONDORMARCA,CAJAMARCA,PEDRO GALVEZ
150117,CLINICA MARIA SRL,LIMA,LOS OLIVOS
090117,PUCACCASA CHOPCCA,HUANCAVELICA,YAULI
150722,ICHOCA,LIMA,SAN MATEO
051106,PUESTO DE SALUD OCCO,AYACUCHO,INDEPENDENCIA
210306,OSCOROQUE,PUNO,CRUCERO
150135,SOCORRO MEDIC PERU,LIMA,SAN MARTIN DE PORRES
150801,ANFALAB SERVICIOS MEDICOS,LIMA,HUACHO
200101,CENTRO DE ENDOSCOPIA DIGESTIVA DT,PIURA,PIURA
010521,AGUA SANTA,AMAZONAS,SANTO TOMAS
150810,MEDICENTRO SAN PEDRO,LIMA,SANTA MARIA
110101,SAN MARTIN DE PORRAS,ICA,ICA
150806,CENTRO MEDICO ESPECIALIZADO GINEMED,LIMA,HUAURA
090407,HUAJINTAY,HUANCAVELICA,HUACHOS
200101,NUEVO CENTRO OPTICO VILLANUEVA E.I.R.L.,PIURA,PIURA
080101,TERAPIAS MEDIFRAN,CUSCO,CUSCO
170201,SHIPETIARI,MADRE DE DIOS,MANU
200101,CLINICAL CENTER CENTRO MEDICO INTEGRAL,PIURA,PIURA
090402,TOTORA,HUANCAVELICA,ARMA
020105,CENTRO MEDICO MI SALUD,ANCASH,INDEPENDENCIA
160101,ALMERSA,LORETO,IQUITOS
110101,ESTABLECIMIENTO PENITENCIARIO DE ICA,ICA,ICA
200101,EL CONDUCTOR RESPONSABLE S.A.C.,PIURA,PIURA
170101,CONSULTORIO MEDICO OBSTETRICO Y LABORATORIO SAN ANTONIO,MADRE DE DIOS,TAMBOPATA
080901,QUILLABAMBA ASOCIADOS,CUSCO,SANTA ANA
160108,SERSALUD AMAZONIA E.I.R.L.,LORETO,PUNCHANA
150120,SVS  SERVICIOS DE SALUD,LIMA,MAGDALENA DEL MAR
040101,Dental Point,AREQUIPA,AREQUIPA
070105,SANIDAD JECEOES,CALLAO,LA PUNTA
200101,SEYSO LAB,PIURA,PIURA
200101,CLÍNICA DE DÍA MONT SINAI,PIURA,PIURA
050708,PUESTO  DE SALUD  ACHUANI,AYACUCHO,UPAHUACHO
150135,perfecto dental,LIMA,SAN MARTIN DE PORRES
080106,C.M. FATIMA S.A.C,CUSCO,SANTIAGO
160210,P.S. I-1 SANTA GEMA  DE SANTA CRUZ,LORETO,SANTA CRUZ
200101,OPTICA PROGRESO S.R.L.,PIURA,PIURA
150103,ECOTEFI,LIMA,ATE
200115,CONSULTORIO DE ENFERMERIA BIENESTAR Y SALUD,PIURA,VEINTISEIS DE OCTUBRE
200101,E & M COSULTORIO DENTAL E.I.R.L.,PIURA,PIURA
200101,CENTRO MEDICO SAN VICENTE DE PAUL S.C.R.L.,PIURA,PIURA
200101,"OCNSULTORIO ODONTOLOGICO ""PIURA SMILE CARE""",PIURA,PIURA
200101,CORPORACION EL PODEROSO DE ISRAEL EIRL,PIURA,PIURA
200101,CLINICA MADRID MEDIC S.A.C.,PIURA,PIURA
080108,MEDICA DIAGNOSTIC - LA CULTURA,CUSCO,WANCHAQ
200101,GESTAFEM-CENTRO DE ATENCION INTEGRAL A LA MUJER E.I.R.L.,PIURA,PIURA
150110,quicentrodental,LIMA,COMAS
200104,DENTAL SANTE,PIURA,CASTILLA
150136,Policlínico Ciber Médic SAC,LIMA,SAN MIGUEL
160108,CENTRO DE HEMODIÁLISIS Y DIAGNOSTICO JESÚS DE NAZARET E.I.R.L,LORETO,PUNCHANA
050115,CONSULTORIO MEDICO SILUET MEDIC,AYACUCHO,JESUS NAZARENO
040101,CONSULTORIO MEDICO DE DIABETES Y OBESIDAD,AREQUIPA,AREQUIPA
200101,KAREN CARRASCO CENTRO DENTAL,PIURA,PIURA
070106,CONSULTORIO MEDICO LA MANO DE DIOS,CALLAO,VENTANILLA
040117,MEDICAL COLCA VALLEY S.R.L.,AREQUIPA,SACHACA
040117,INTEGRAL HAIR,AREQUIPA,SACHACA
200101,LABORATORIO DE ANALISIS CLINICOS BIOANALISIS PIURA S.A.C.,PIURA,PIURA
040126,LABORATORIOS HANAN SUL SAC,AREQUIPA,YANAHUARA
150810,CENTRO MEDICO SAN GABRIELITO,LIMA,SANTA MARIA
080108,EL ROBLE,CUSCO,WANCHAQ
150116,CONSULTORIO MEDICINA MÍNIMAMENTE INVASIVA,LIMA,LINCE
160301,IPRESS I-1 HUACACHINA,LORETO,NAUTA
200406,LABORATORIO SALITRAL LAB,PIURA,SALITRAL
040126,MRC GRUAS SAC,AREQUIPA,YANAHUARA
160210,P.S. I-1 SELVA  ALEGRE DE SANTA CRUZ,LORETO,SANTA CRUZ
140105,CENTRO MEDICO ECOMEDIC,LAMBAYEQUE,JOSE LEONARDO ORTIZ
200101,CENTRO ODONTOLOGICO CHIAN,PIURA,PIURA
140101,CLINICA UNIVERSITRIA - USAT,LAMBAYEQUE,CHICLAYO
250105,UCAYALI MEDICAL CENTER DEL DR. NEIL ALARCO QUISPE,UCAYALI,YARINACOCHA
150116,CONSULTORIO ODONTOLOGICO CERECEDA,LIMA,LINCE
200101,CENTRO ESPECILIZADO DE REHABILITACION INTEGRAL SAN ISIDRO S.R.L.,PIURA,PIURA
080108,LUZ DIVINA,CUSCO,WANCHAQ
200101,SIGA MEDIC S.RL.,PIURA,PIURA
250105,CENTRO DE HEMODIALISIS SAN FRANCISCO EIRL,UCAYALI,YARINACOCHA
100608,DENTAL LUMINARES,HUANUCO,CASTILLO GRANDE
040122,PUESTO DE SALUD SALAVERRY,AREQUIPA,SOCABAYA
250107,SERVICIO MEDICO DE APOYO HOGAR PROTEGIDO SAN FERNANDO,UCAYALI,MANANTAY
150135,SANTÉ DEL NORTE,LIMA,SAN MARTIN DE PORRES
200104,SEGURICEL S.A.C,PIURA,CASTILLA
200101,NEUROPIURA,PIURA,PIURA
040112,BOOZ DENT,AREQUIPA,PAUCARPATA
200101,LENTES Y ACCESORIOS VALERIA E.I.R.L.,PIURA,PIURA
160109,CENTRO MEDICO CACHUY,LORETO,PUTUMAYO
050115,CENTRO MEDICO PROSAMAS,AYACUCHO,JESUS NAZARENO
210401,CHOCOCONIRI,PUNO,JULI
200101,OPTICA FULL VISSION,PIURA,PIURA
160604,IPRESS I-1 PLAYA HERMOSA,LORETO,PAMPA HERMOSA
060201,VIRGEN DEL ROSARIO,CAJAMARCA,CAJABAMBA
150116,EP OFTALMOLOGOS ASOCIADOS S.A.C.,LIMA,LINCE
070103,SANDOLAB,CALLAO,CARMEN DE LA LEGUA-REYNOSO
200101,CLINICA ODONTOLOGICA DENTAL CLUB,PIURA,PIURA
200101,CENTRO MEDICO PROVIDA,PIURA,PIURA
150101,EPM MEDICOS ESPECIALISTAS,LIMA,LIMA
140101,CONCEBIR,LAMBAYEQUE,CHICLAYO
110501,CERVANTES ML E.I.R.L.,ICA,PISCO
080108,VIDALAB,CUSCO,WANCHAQ
200101,CENTRO ESPECIALIZADO EN REHABILITACION NEUROLOGICA S.C.R.L.,PIURA,PIURA
040101,CLINICA MALL SALUD,AREQUIPA,AREQUIPA
110101,VIDA MEDIC,ICA,ICA
160210,P.S. I-1 SAN JOSE DEL SHISHINAHUA DE SANTA CRUZ,LORETO,SANTA CRUZ
020106,TOPICO MINA PIERINA,ANCASH,JANGAS
200115,MH dental,PIURA,VEINTISEIS DE OCTUBRE
200101,VITALMENTE,PIURA,PIURA
150135,CONSULTORIO PSICOLÓGICO ARCÁNGEL SAN MIGUEL,LIMA,SAN MARTIN DE PORRES
080910,NUEVO PROGRESO,CUSCO,PICHARI
050116,CONSULTORIO MEDICO REGIONAL,AYACUCHO,ANDRES AVELINO CACERES D.
140105,CRUZ DE MOTUPE,LAMBAYEQUE,JOSE LEONARDO ORTIZ
150101,POLICLÍNICO MIRAFLORES BARCELONA SALUD,LIMA,LIMA
160301,P.S. I-1 NUEVO PROGRESO DEL CHAMBIRA,LORETO,NAUTA
140101,CENTRO MEDICO AMISTAD Y SALUD,LAMBAYEQUE,CHICLAYO
160108,PIAS MORONA,LORETO,PUNCHANA
150101,Vidanova,LIMA,LIMA
050110,"POLICLINICO NEUROLOGICO Y ESPECIALIDADES MEDICAS ""DESPERTARES""",AYACUCHO,SAN JUAN BAUTISTA
150716,YOVIDENT,LIMA,SAN ANTONIO
200101,CONSULTORIO DENTAL ROSAS,PIURA,PIURA
110501,POLICLINICO SAN CLEMENTE,ICA,PISCO
200701,PSA MARINE PERU OFFSHORE S.A,PIURA,PARIÑAS
200101,FISIOMED CENTRO ESPECIALIZADO DE TERAPIA REHABILITACION Y ORTOPEDIA S.A.C.,PIURA,PIURA
250203,PUESTO DE SALUD NUEVO PARAISO-TAHUANIA.,UCAYALI,TAHUANIA
061303,LA ZANJA,CAJAMARCA,CATACHE
120607,TU BREVET - RIO NEGRO,JUNIN,RIO NEGRO
050507,PUESTO DE SALUD PAMPA MIRAFLORES,AYACUCHO,SANTA ROSA
070103,POLICLINICO MEDDIX,CALLAO,CARMEN DE LA LEGUA-REYNOSO
051104,PUESTO DE SALUD SANTA ROSA DE COCHAMARCA,AYACUCHO,CONCEPCION
150116,CONSULTORIO DERMATOLOGICO JJ SALUD,LIMA,LINCE
150101,IN-AESTHETICS,LIMA,LIMA
150203,LABORATORIO ZUÑIGA,LIMA,PATIVILCA
070102,IMATEC,CALLAO,BELLAVISTA
030208,CRUZPAMPA,APURIMAC,PACOBAMBA
200115,CENTRO DE SALUD MENTAL COMUNITARIO VEINTISEIS DE OCTUBRE,PIURA,VEINTISEIS DE OCTUBRE
080108,SAN JOSE,CUSCO,WANCHAQ
200601,SERVICIOS MEDICOS GENERALES VIRGEN DE LA PUERTA E.I.R.L,PIURA,SULLANA
200101,A & V  DENTAL  CLINIC,PIURA,PIURA
150101,HOGAR PROTEGIDO ¨SAN BORJA¨,LIMA,LIMA
050115,DENTAL ALMENDRA,AYACUCHO,JESUS NAZARENO
150810,"CENTRO MEDICO EN GINECOLOGÍA Y OBSTETRICIA "" SOFÍA VICTORIA """,LIMA,SANTA MARIA
120609,PAQUICHARI,JUNIN,VIZCATAN DEL ENE
150121,FETALCENTER,LIMA,PUEBLO LIBRE
150134,DENTAL CAPOLAVORO,LIMA,SAN LUIS
080108,MEDIC PLAST,CUSCO,WANCHAQ
150122,CENTRO MDRS,LIMA,MIRAFLORES
200101,CENTRO MEDICO SAMPLES E.I.R.L.,PIURA,PIURA
200101,CONSULTORIOS SAN MIGUEL S.A.,PIURA,PIURA
150204,INMUNOLAB - CONSULTORIO MÉDICO Y LABORATORIO CLÍNICO,LIMA,SUPE
200101,BIOMEDICA CLINICA DE ESPECIALIDADES S.R.L.,PIURA,PIURA
150605,ecofamilia,LIMA,CHANCAY
160706,P.S. I-1 SAN FERNANDO,LORETO,ANDOAS
150122,OH WAWA,LIMA,MIRAFLORES
180104,HOGAR PROTEGIDO SAMEGUA,MOQUEGUA,SAMEGUA
150716,NISHA MEDIC,LIMA,SAN ANTONIO
150601,TERESALUD,LIMA,HUARAL
150131,RESPIRA,LIMA,SAN ISIDRO
150135,CONSULTORIO ODONTOLOGICO ODONTORED,LIMA,SAN MARTIN DE PORRES
050115,CONSULTORIO GINECOLOGICO VIDA MUJER,AYACUCHO,JESUS NAZARENO
220909,NEFROCLINICA RENAIS,SAN MARTIN,LA BANDA DE SHILCAYO
080104,REY SALUD,CUSCO,SAN JERONIMO
140101,MEDICAR DEL NORTE S.A.C,LAMBAYEQUE,CHICLAYO
150101,CENTRO DE CIRUGIA PLASTICA Y DERMATOLOGIA,LIMA,LIMA
150101,LIFETIME SMILE,LIMA,LIMA
200110,CENTRO MEDICO COELLO,PIURA,LA UNION
040126,Consultorio de Cardiologia Pediatrica Talavera,AREQUIPA,YANAHUARA
040126,CONSULTORIO NEUROPEDIATRICO,AREQUIPA,YANAHUARA
200104,TOYOTA HIACE 1GD-8564167,PIURA,CASTILLA
150120,Aptus Salud Empresarial,LIMA,MAGDALENA DEL MAR
200601,DIGITAL MÉDICA SALUD E.I.R.L,PIURA,SULLANA
220901,CONSULTORIO ODONTOLOGICO DENT ALENA,SAN MARTIN,TARAPOTO
150117,LCF ORTHODENT SAC,LIMA,LOS OLIVOS
160604,PUESTO DE SALUD I-1 PUERTO ESPERANZA,LORETO,PAMPA HERMOSA
160112,CENTRO MEDICO REY DAVID,LORETO,BELEN
230108,POLYCLINIC OXIMEDIC,TACNA,POCOLLAY
140101,"CENTRO ESPECIALIZADO DE SALUD MENTAL COMUNITARIO ""CONEXIÓN INTEGRAL"" -  LA VICTORIA",LAMBAYEQUE,CHICLAYO
050203,PUESTO DE SALUD PANTIN,AYACUCHO,LOS MOROCHUCOS
150101,NOVOTRAUMA,LIMA,LIMA
150101,Consultorio del Dr. Tuma,LIMA,LIMA
200101,CENTRO DE TERAPIA FISICA Y REHABILITACION INTEGRAL MUNDO SANO EMPRESA INDIVIDUAL DE RESPONSABILIDAD LIMITADAD,PIURA,PIURA
150101,Centro de Atención Holsalud,LIMA,LIMA
140202,TOTORAS PAMPAVERDE,LAMBAYEQUE,CAÑARIS
080902,BCT N° 333 - ITARIATO,CUSCO,ECHARATE
150201,LABORATORIO CLINICO VIRGEN DE CHAPI,LIMA,BARRANCA
190101,CENTRO MEDICO SAN MARCOS,PASCO,CHAUPIMARCA
220804,LABORATORIO CLINICO FAMILY LAB,SAN MARTIN,NUEVA CAJAMARCA
100301,C.S.M.C  CHINCHAYSUYO,HUANUCO,LA UNION
150135,ROCALAB,LIMA,SAN MARTIN DE PORRES
200101,NORTH  DENT,PIURA,PIURA
150601,POLICLINICO BELEN SAC,LIMA,HUARAL
200401,POLICLINICO  MARIA BELEN  E.I.R.L.,PIURA,CHULUCANAS
200101,VITALYSIS CENTRO DE ESPECIALIDADES MEDICAS SOCIEDAD ANONIMA  CERRADA,PIURA,PIURA
080108,EXCLUSIVEHEALTH MEDICAL CARE,CUSCO,WANCHAQ
200101,KIA K2500 - KNCSJX76AN7577889,PIURA,PIURA
070103,GRUPO SANDOVAL,CALLAO,CARMEN DE LA LEGUA-REYNOSO
150101,DENTAL KIDS PERU,LIMA,LIMA
150143,FAMILY DENTIST,LIMA,VILLA MARIA DEL TRIUNFO
130101,BIOCLINIC,LA LIBERTAD,TRUJILLO
200104,TOYOTA HIACE 1GD-8665261,PIURA,CASTILLA
110505,MINSUR FUNDICION PISCO,ICA,PARACAS
060108,"CENTRO DE SALUD MENTAL COMUNITARIO  ""CAMINANDO JUNTOS""",CAJAMARCA,LOS BAÑOS DEL INCA
150111,LIGA LAB,LIMA,EL AGUSTINO
150120,CENTRO MEDICO LA FLORESTA,LIMA,MAGDALENA DEL MAR
050110,CONSULTORIO DENTAL BRUSH ISMAEL,AYACUCHO,SAN JUAN BAUTISTA
220901,CONSULTORIO ODONTOLOGICO DE PREVENCION Y REHABILITACION INTEGRAL ODONTO VIP,SAN MARTIN,TARAPOTO
050101,MERCEDES OZONOTERAPIA,AYACUCHO,AYACUCHO
200101,CENTRO MEDICO  FAMILIA Y SALUD,PIURA,PIURA
150116,CEMCOVA,LIMA,LINCE
200104,DENTAL SOLUTIONS,PIURA,CASTILLA
150103,SERVICIOS DE SALUD FLORES E.I.R.L,LIMA,ATE
150116,ELSA CASTAÑEDA CIRUGÍA PLÁSTICA & ESTÉTICA,LIMA,LINCE
080105,GRUPO MEDICO CUSCO,CUSCO,SAN SEBASTIAN
200104,TOYOTA HILIX 8AJDB8CB0P5515700,PIURA,CASTILLA
200115,CENTRO MEDICO ESPECIALIZADO LABONORTE S.A.C.,PIURA,VEINTISEIS DE OCTUBRE
080104,HAMPI WASI - SANJERONIMO,CUSCO,SAN JERONIMO
220804,SERVICIO MEDICOS SOSA & VELASCO,SAN MARTIN,NUEVA CAJAMARCA
110112,UNIVERSIDAD PRIVADA SAN JUAN BAUTISTA SAC,ICA,SUBTANJALLA
200115,COMUNIDAD TERAPEUTICA “OPORTUNIDAD DE VIDA”,PIURA,VEINTISEIS DE OCTUBRE
080101,UROLASER,CUSCO,CUSCO
060701,P.S CUMBE CHONTABAMBA,CAJAMARCA,BAMBAMARCA
110101,"CENTRO DE SALUD MENTAL COMUNITARIO ""SANTISIMA VIRGEN DE YAUCA""",ICA,ICA
200104,TOYOTA HILIX 8AJDB8CB9P5516022,PIURA,CASTILLA
200101,CENTRO MÉDICO & ESTÉTICO DRA. PILAR CEVALLOS,PIURA,PIURA
120114,QHALLY,JUNIN,EL TAMBO
150140,CONSULTORIOS SANTA ROSA,LIMA,SANTIAGO DE SURCO
110505,MINSUR FUNDICION PISCO,ICA,PARACAS
150101,KAEN NEUROREHABILITACIÒN,LIMA,LIMA
200101,DENTAL CARE NORTE E.I.R.L - PIURA,PIURA,PIURA
080105,DENTAL HOME,CUSCO,SAN SEBASTIAN
081101,MENTAL COMUNITARIO VIRGEN DEL ROSARIO,CUSCO,PAUCARTAMBO
150135,POLICLINICO MIMEDIC,LIMA,SAN MARTIN DE PORRES
080105,INFINITE,CUSCO,SAN SEBASTIAN
150101,Consultorio Dental Sonríe Perú,LIMA,LIMA
200115,CLINICA OFTALMOLOGICA DR. PONGO SRL,PIURA,VEINTISEIS DE OCTUBRE
040126,LABORATORIOS CLINICOS SAN FRANCISCO EIRL,AREQUIPA,YANAHUARA
150113,José Luis Leon Cueto,LIMA,JESUS MARIA
150123,PREVENTION EMERGENCIAS,LIMA,PACHACAMAC
120805,TUNSHURUCO,JUNIN,MOROCOCHA
200104,WELLNESS CENTER,PIURA,CASTILLA
200104,CONSULTORIO MÉDICO MARÍA AUXILIADORA,PIURA,CASTILLA
080601,CEDIMED,CUSCO,SICUANI
160206,P.S. I-1 PUERTO ALEGRE DE LAGUNAS,LORETO,LAGUNAS
160206,P.S. I-1 UNION ZANCUDO DE LAGUNAS,LORETO,LAGUNAS
150117,SANNA CENTRO CLINICO LOS OLIVOS,LIMA,LOS OLIVOS
200101,ALLPA MEDIC,PIURA,PIURA
100111,POSTA MEDICA CAP  III  AMARILIS - PILLCO MARCA,HUANUCO,PILLCO MARCA
070103,CONSULTORIO DE NEUROLOGIA,CALLAO,CARMEN DE LA LEGUA-REYNOSO
160101,SALVADORA I,LORETO,IQUITOS
200101,ASISTE MEDICAL DIGITAL,PIURA,PIURA
051003,CENTRO MEDICO UYUCCASA - SG NATCLAR S.A.C,AYACUCHO,APONGO
020401,PUESTO DE SALUD PAMPASH,ANCASH,CHACAS
050401,REBAGLIATI SERVICIOS MEDICOS ESPECIALIZADOS,AYACUCHO,HUANTA
200101,CONSULTORIOS SANTA FÉ,PIURA,PIURA
200104,TOYOTA HIACE 1GD-8562882,PIURA,CASTILLA
200101,CONSULTORIO ODONTOLOGICO LOZANO,PIURA,PIURA
140301,THERAPY KIDS,LAMBAYEQUE,LAMBAYEQUE
110101,vinali,ICA,ICA
200101,CONSULTORIO ODONTOLOGICO KYODENT,PIURA,PIURA
200405,"""CONSULTORIO MEDICO SR. CAUTIVO""",PIURA,MORROPON
040124,SERVICIO MEDICO CERRO VERDE,AREQUIPA,UCHUMAYO
200601,ODONTOSONRISAS,PIURA,SULLANA
060101,Centro Odontológico Bernaola Ñique,CAJAMARCA,CAJAMARCA
150122,MULTILAB,LIMA,MIRAFLORES
150716,GLOBAL SALUD,LIMA,SAN ANTONIO
200104,CENTRO MEDICO ASISTENCIAL Y OCUPACIONAL RAMAZZINI SCRL,PIURA,CASTILLA
200101,CENTRO MÉDICO FAMILIAR LOS JARDINES SCRL,PIURA,PIURA
050110,LABORATORIO DE ANÁLISIS CLÍNICO GRAM E.I.R.L,AYACUCHO,SAN JUAN BAUTISTA
150201,CONSULTORIO DENTAL VALEDENT,LIMA,BARRANCA
200601,TOYOTA BUI-703,PIURA,SULLANA
080101,FLEMING,CUSCO,CUSCO
110101,Dra. Ximena Gonzales - Odontología integral y estética,ICA,ICA
200104,TOYOTA HILIX 8AJDB8CB3P5515836,PIURA,CASTILLA
200104,TOYOTA HILIX 8AJDB8CBXP5516224,PIURA,CASTILLA
150131,CLINICA CAMINO REAL,LIMA,SAN ISIDRO
150135,CENTRO DE SALUD MENTAL COMUNITARIO JOSEPH GERARD RUYS,LIMA,SAN MARTIN DE PORRES
040117,WAWINOS,AREQUIPA,SACHACA
140101,CENTRO MEDICO HEALTH FIRST S.A.C.,LAMBAYEQUE,CHICLAYO
200101,"""CRECIENDO CONTIGO""  CENTRO OBSTETRICO INTEGRAL",PIURA,PIURA
200101,IMAGENES DEL PACIFICO SAC - DIAGNOCENTER IMAGENES,PIURA,PIURA
150106,CONSULTORIO ODONTOLOGICO  PUNTODENT 32,LIMA,CARABAYLLO
150604,SERVILAB,LIMA,AUCALLAMA
040103,CONSULTORIO ODONTOLÓGICO ORTEGA,AREQUIPA,CAYMA
150120,CONSULTORIOS SANNA EL GOLF,LIMA,MAGDALENA DEL MAR
160112,CENTRO MEDICO NEONATITOS,LORETO,BELEN
080108,CR. VALENCIA,CUSCO,WANCHAQ
221002,PUESTO DE SALUD LAS PALMERAS,SAN MARTIN,NUEVO PROGRESO
040112,SOLUCIONES MEDICAS POLICLINICO S.R.L.,AREQUIPA,PAUCARPATA
200101,NeuroRehab Medicina Física y Neurorrehabilitación,PIURA,PIURA
110110,TOPICO F01L04-YANQUIZA,ICA,SAN JUAN BAUTISTA
150901,CENTRO DE ATENCION PRIMARIA  I OYON,LIMA,OYON
060101,CONSULTORIO MEDICO CELIS,CAJAMARCA,CAJAMARCA
200101,LS OCCUPATIONAL SAFETY AND HEALTH S.A.C,PIURA,PIURA
150116,REPROFERTYL,LIMA,LINCE
200601,TOYOTA BUE-881,PIURA,SULLANA
180106,MUSUQ SERVICIOS GENERALES SAC,MOQUEGUA,TORATA
200104,TOYOTA HILIX 8AJDA8CB5P6048903,PIURA,CASTILLA
150101,SALVAR DERMATOPLASTICA,LIMA,LIMA
200104,TOYOTA HICE 1GB-8665285,PIURA,CASTILLA
200104,TOYOTA HIACE 1GD-8426674,PIURA,CASTILLA
080106,BIOANALISIS,CUSCO,SANTIAGO
080105,SAN GABRIEL MEDIC,CUSCO,SAN SEBASTIAN
150101,DR.CARLOS MILLA,LIMA,LIMA
160108,IMAGEN,LORETO,PUNCHANA
080108,CORPORACION CORAZON DE JESUS SERVICIOS MEDICOS E.I.R.L,CUSCO,WANCHAQ
200201,"CENTRO DE SALUD MENTAL COMUNITARIO ""SEÑOR CAUTIVO DE AYABACA""",PIURA,AYABACA
200115,“CONSULTORIO DENTAL ODONTOELÍAS”,PIURA,VEINTISEIS DE OCTUBRE
040129,SUMAC GUAGUITAS salud mental y desarrollo personal para toda la familia,AREQUIPA,JOSE LUIS BUSTAMANTE Y RIVERO
150101,MediLeón,LIMA,LIMA
150101,OFTALASER,LIMA,LIMA
150101,VASQUEZ LAPEL MEDICINA ESTETICA LASER,LIMA,LIMA
220901,SERVICIOS MEDICOS PIRUMED SAC,SAN MARTIN,TARAPOTO
150133,LABORATORIOS MUÑOZ,LIMA,SAN JUAN DE MIRAFLORES
080106,G&A SANTIAGO,CUSCO,SANTIAGO
081306,OXIGEN MEDICAL NETWORK VALLE SAGRADO,CUSCO,OLLANTAYTAMBO
160113,TUSALUD CENTRO MEDICO OBSTETRICO,LORETO,SAN JUAN BAUTISTA
060301,SALUD INTEGRAL,CAJAMARCA,CELENDIN
110101,ONCOLABVIDA,ICA,ICA
040129,PHYSIO SANA  E.I.R.L.,AREQUIPA,JOSE LUIS BUSTAMANTE Y RIVERO
120401,JAUJA,JUNIN,JAUJA
070106,IRQUI SALUD,CALLAO,VENTANILLA
110207,AMOR DE MADRE INTEGRAL,ICA,PUEBLO NUEVO
211101,SMSAGRADOS E.I.R.L.,PUNO,JULIACA
220909,POSTA MEDICA POLICIAL ESCUELA D EDUCACION SUPERIOR PROFESIONAL PNP TARAPOTO,SAN MARTIN,LA BANDA DE SHILCAYO
040129,CLINICA ALMENDARIZ,AREQUIPA,JOSE LUIS BUSTAMANTE Y RIVERO
080108,DIAGNOSTIC ALFALAB,CUSCO,WANCHAQ
080101,KROSDENT,CUSCO,CUSCO
060101,ERGOSALUD,CAJAMARCA,CAJAMARCA
150132,LASER DENT KIDS,LIMA,SAN JUAN DE LURIGANCHO
150805,CENTRO MÉDICO DIVINA LUZ,LIMA,HUALMAY
080105,CB LAB S.R.L.,CUSCO,SAN SEBASTIAN
150801,ODONTO PLUS - ESTUDIO DENTAL,LIMA,HUACHO
190101,CLINICA H&S,PASCO,CHAUPIMARCA
200801,AMBULANCIA EUG 858 - MINA,PIURA,SECHURA
220901,ACOSTA ESPECIALISTAS DENTALES,SAN MARTIN,TARAPOTO
250202,PUESTO DE SALUD NUEVO HORIZONTE,UCAYALI,SEPAHUA
150113,CONSULTORIO GINECONATIVITAS,LIMA,JESUS MARIA
110508,"consultorio dental ""MI DENTIS""",ICA,TUPAC AMARU INCA
200101,MUJER SANA CENTRO  MEDICO GINECOLOGICO Y OBSTÉTRICO,PIURA,PIURA
040126,UNIVERSO ESTETICO AREQUIPA,AREQUIPA,YANAHUARA
040126,JUAN PABLO II,AREQUIPA,YANAHUARA
130704,DR. SORIANO,LA LIBERTAD,PACASMAYO
040129,CONSULTORIO MEDICO UROCLINIC,AREQUIPA,JOSE LUIS BUSTAMANTE Y RIVERO
220901,FAMILY DENTAL ACOSTA,SAN MARTIN,TARAPOTO
080101,MILENNIUM,CUSCO,CUSCO
110101,CONSULTORIO ODONTOLOGICO EURODENT,ICA,ICA
110101,CONSULTORIO OBSTETRICO VIDA & MUJER,ICA,ICA
150119,SANNA \ MALL KM40,LIMA,LURIN
110201,CENTRO MEDICO REHABILITACION INTEGRAL DRA. CAROLINA MUÑOZ,ICA,CHINCHA ALTA
080706,CRESPO,CUSCO,LLUSCO
120302,YANESHA,JUNIN,PERENE
040103,CENTRO DE VACUNACIÓN INTERNACIONAL BIOVAC,AREQUIPA,CAYMA
070103,MATHERN MODIC,CALLAO,CARMEN DE LA LEGUA-REYNOSO
060105,UMY QUINUA,CAJAMARCA,ENCAÑADA
070102,POLICLINICO BELLAVISTA,CALLAO,BELLAVISTA
080108,UROLOGIA MONTERROSO,CUSCO,WANCHAQ
150132,DERMALASER,LIMA,SAN JUAN DE LURIGANCHO
150101,NEUROPSICOLOGIA Y TERAPIAS - SANTI,LIMA,LIMA
070107,CONSULTORIO ODONTOLOGICO ALTIVEL,CALLAO,MI PERU
130103,FLORENCIA DE MORA,LA LIBERTAD,FLORENCIA DE MORA
200104,GOLDEN CLINIC ALTA MEDICINA ESTETICA Y RESTAURACION CAPILAR,PIURA,CASTILLA
080101,DENTAL TOVAR,CUSCO,CUSCO
150116,IN CORPUS S.A.C,LIMA,LINCE
150131,VAXIÓN,LIMA,SAN ISIDRO
050101,CONSULTORIO DENTAL MAY DENTS,AYACUCHO,AYACUCHO
220803,DANNA DENT CONSULTORIO ODONTOLOGICO,SAN MARTIN,ELIAS SOPLIN VARGAS
040101,CONSULTORIO MEDICO GENESIS,AREQUIPA,AREQUIPA
210101,"CENTRO DE SALUD MENTAL COMUNITARIO ""ALTO PUNO""",PUNO,PUNO
110201,CONSULTORIO MEDICO NOVAFARMA,ICA,CHINCHA ALTA
150140,RENOVA MEDIC - SEDE CHACARILLA,LIMA,SANTIAGO DE SURCO
150120,CONSULTORIO DRA. MELISSA HERENCIA,LIMA,MAGDALENA DEL MAR
040103,DENTA VITALIS E.I.R.L.,AREQUIPA,CAYMA
200104,LABORATORIO DE ANALISIS CLINICOS Y ANATOMIA PATOLOGICA PASTEUR S.A.C.,PIURA,CASTILLA
200115,REHABILITA PERÚ,PIURA,VEINTISEIS DE OCTUBRE
080101,SANTA MARIA DE GUADALUPE,CUSCO,CUSCO
060105,UMY KM 37,CAJAMARCA,ENCAÑADA
220910,CENTRO MEDICO TARAPOTO,SAN MARTIN,MORALES
220901,CONSULTORIO MÉDICO DR. MARTÍN NÚÑEZ,SAN MARTIN,TARAPOTO
150801,POLICLINICO CENTRAL SALUD,LIMA,HUACHO
200101,CLINICA MADRE DEL PERPETUO SOCORRO,PIURA,PIURA
080406,TIRACANCHA,CUSCO,SAN SALVADOR
150116,FEMINACARE,LIMA,LINCE
081201,SITUA WASI,CUSCO,URCOS
150116,DENTAL FEBRES,LIMA,LINCE
020801,CENTRO DE SALUD MENTAL COMUNITARIO DEL ETERNO SOL,ANCASH,CASMA
150131,DIABETIKA,LIMA,SAN ISIDRO
040109,Consultorio Médico Cubanomedic,AREQUIPA,MARIANO MELGAR
160108,B.A.P. RIO UCAYALI  II,LORETO,PUNCHANA
040112,POLICLINICO FRAY MARTIN DE PORRAS SOCIEDAD COMERCIAL DE RESPONSABILIDAD LIMITADA,AREQUIPA,PAUCARPATA
150135,CONSULTORIO SOR CLARISA,LIMA,SAN MARTIN DE PORRES
200101,E & M CLINICA DENTAL,PIURA,PIURA
230101,Consultorio Obstétrico VIDA MUJER,TACNA,TACNA
150806,CONSULTORIO ODONTOLOGICO LORENZO,LIMA,HUAURA
160101,DENTAL BELEN,LORETO,IQUITOS
200104,“CENTRO MÉDICO-RADIÓLOGO DSC”,PIURA,CASTILLA
220910,CONSULTORIO ODONTOLOGICO VITA,SAN MARTIN,MORALES
050110,CONSULTORIO DENTAL DUO DENT,AYACUCHO,SAN JUAN BAUTISTA
200306,PUESTO DE SALUD I-1 CHANRRO,PIURA,SAN MIGUEL DE EL FAIQUE
150113,CONSULTORIO MEDICO ENDOCRINO,LIMA,JESUS MARIA
220101,LIZANA DENT-ODONTOLOGIA INTEGRAL,SAN MARTIN,MOYOBAMBA
200101,CENTRO NEUMOLÓGICO DEL NORTE RESPIRA S.A.C,PIURA,PIURA
150137,CONSULTORIOS ODONTOLÓGICOS HAPPYDENT CR,LIMA,SANTA ANITA
050507,PUESTO DE SALUD GLORIAPATA,AYACUCHO,SANTA ROSA
140201,LABORATORIO DE ANALISIS CLINICOS NUESTRA SEÑORA DE GUADALUPE,LAMBAYEQUE,FERREÑAFE
040126,ATARAMA & BELLINA ODONTOLOGIA INTEGRAL,AREQUIPA,YANAHUARA
200101,CENTRO DE ANÁLISIS BIOLÓGICOS SANTA MARÍA,PIURA,PIURA
080703,TINCURCA,CUSCO,CHAMACA
080701,CANGALLE,CUSCO,SANTO TOMAS
070105,CSO CONSULTORIO MEDICO IMARPE,CALLAO,LA PUNTA
050101,TOPICO GRUPO MASS,AYACUCHO,AYACUCHO
080101,QUIN PERU,CUSCO,CUSCO
220402,PUESTO DE SALUD VALLE GRANDE,SAN MARTIN,ALTO SAPOSOA
120133,SUMAQ WARMI,JUNIN,SAPALLANGA
130101,FISIOMEDIC PLUS,LA LIBERTAD,TRUJILLO
150114,DENTAL Q,LIMA,LA MOLINA
200104,CENTRO ODONTOLÓGICO “ODONTO BAUTISTA”,PIURA,CASTILLA
150101,ODONTOLOGIA INTEGRAL Y ORTODONCIA,LIMA,LIMA
200101,CONSULTORIO DENTAL ODONTOLIKE,PIURA,PIURA
200115,RAYDEM,PIURA,VEINTISEIS DE OCTUBRE
130107,ONCORAD SAC,LA LIBERTAD,MOCHE
150101,REJUVENESS,LIMA,LIMA
150116,IPLF - INSTITUTO PERUANO LASER DE FRENILLOS,LIMA,LINCE
200115,CLINICA DENTAL TEMOCHE E.I.R.L,PIURA,VEINTISEIS DE OCTUBRE
200105,CONSULTORIO MÉDICO MONZÓN,PIURA,CATACAOS
110101,SALUD FEMENINA,ICA,ICA
150108,ORTOESTHETIC DENTAL,LIMA,CHORRILLOS
150116,INSTITUTO DE GAMMA KNIFE DEL PACIFICO SAC,LIMA,LINCE
081304,PERUANO SUIZA MACHUPICCHU,CUSCO,MACHUPICCHU
040102,IOTS - CENTRO ESPECIALIZADO EN TRAUMATOLOGÍA Y REHABILITACIÓN,AREQUIPA,ALTO SELVA ALEGRE
150117,R DENTAL STUDIO,LIMA,LOS OLIVOS
120209,MAMAC,JUNIN,MARISCAL CASTILLA
110507,San Clemente - TGP,ICA,SAN CLEMENTE
160113,MOLECULAR DAZHEN DIAGNOSTICO MEDICO ESPECIALIZADO,LORETO,SAN JUAN BAUTISTA
120107,CCORIAN GINECOLOGIA Y OBSTETRCIA ESPECIALIZADA,JUNIN,CHILCA
080101,DERMASKIN,CUSCO,CUSCO
211101,SS MARBEL EIRL,PUNO,JULIACA
120101,LABORATORIOS KONEMAN,JUNIN,HUANCAYO
070106,CONSULTORIOS PSICOLOGICOS METANOIA,CALLAO,VENTANILLA
140112,VIRGEN DEL SANTUARIO,LAMBAYEQUE,PIMENTEL
040126,RINOESTETIC,AREQUIPA,YANAHUARA
080101,ODONTOMESTAS,CUSCO,CUSCO
211101,POLICLINICO SANAFE,PUNO,JULIACA
250105,CLINICA LA ESPERANZA,UCAYALI,YARINACOCHA
150110,CONSULTORIO ODONTOLÓGICO DENTHIVEL,LIMA,COMAS
150810,CENTRO MEDICO FAMILIA Y SALUD,LIMA,SANTA MARIA
120101,DENTAL ARONE,JUNIN,HUANCAYO
170101,JOSE TAYA,MADRE DE DIOS,TAMBOPATA
140101,Fray Martin,LAMBAYEQUE,CHICLAYO
080601,NUESTRO SEÑOR DE PAMPACUCHO,CUSCO,SICUANI
150135,VenSonrisas 07,LIMA,SAN MARTIN DE PORRES
130101,PEDIANORTE,LA LIBERTAD,TRUJILLO
200101,CONSULTORIOS MEDICOS Y SERVICIOS MEDICOS PIURA E.I.R.L.,PIURA,PIURA
160101,J & F ESTRADA S.R.L,LORETO,IQUITOS
080106,DIVINA FAMILIA SANTIAGO,CUSCO,SANTIAGO
150101,CONSULTORIO MEDICO DELFOS,LIMA,LIMA
150103,CENTRO MEDICO BRACAMONTE,LIMA,ATE
150135,ENPADENT,LIMA,SAN MARTIN DE PORRES
080108,CM CUBA CARIBE SAC.,CUSCO,WANCHAQ
211101,"CENTRO DE SALUD MENTAL COMUNITARIO ""SAN ISIDRO LABRADOR""",PUNO,JULIACA
160109,PUESTO DE SALUD I-1 YABUYANOS,LORETO,PUTUMAYO
040117,SINALGIA CENTRO DE MEDICINA FISICA Y RAHABILITACION,AREQUIPA,SACHACA
150810,CENTRO MEDICO MIRAMAR BVC S.A.C.,LIMA,SANTA MARIA
130101,AMBULANCIAS ALERTA 24,LA LIBERTAD,TRUJILLO
150113,CENTRO DE ESPECIALIDADES MEDICAS LIMA,LIMA,JESUS MARIA
150120,POLICLINICO MUNICIPAL CORAZON DE MARIA,LIMA,MAGDALENA DEL MAR
200114,LABORATORIO DE ANALISIS CLINICOS  Biolabs,PIURA,TAMBO GRANDE
200104,CLINICA SAGRADA FAMILIA E.I.R.L,PIURA,CASTILLA
050116,CENTRO MEDICO ESPECIALIZADO MARIA AUXILIADORA,AYACUCHO,ANDRES AVELINO CACERES D.
230101,CONSULTORIO OBSTETRICO SER MUJER,TACNA,TACNA
080101,DR RONALD ASTETE CANDIA,CUSCO,CUSCO
080901,C.M LA CONVENCION - QUILLABAMBA,CUSCO,SANTA ANA
160101,TOPICO E INYECTABLE PARTICIPACIÒN - MI DOCTOR,LORETO,IQUITOS
150810,CONSORCIO PERU MEDIC S.A.C,LIMA,SANTA MARIA
150120,INSTITUTO PARA EL DESARROLLO INFANTIL - ARIE,LIMA,MAGDALENA DEL MAR
110101,ECOFETAL,ICA,ICA
150805,CONSULTORIO PEDIATRICO,LIMA,HUALMAY
160601,PUESTO DE SALUD I-1 SAN ROQUE DEL UCAYALI,LORETO,CONTAMANA
120114,HAMPEQ,JUNIN,EL TAMBO
150131,HYPERBARIC SOLUTIONS S.A.C.,LIMA,SAN ISIDRO
230101,MEDICAL MEDIC,TACNA,TACNA
080403,HUARQUI,CUSCO,LAMAY
070101,CONSULTORIO MEDICO VERSALLES,CALLAO,CALLAO
211101,HOGAR PROTEGIDO VIRGEN DE LAS MERCEDES,PUNO,JULIACA
200114,CENTRO MEDICO ´´MADRID´´,PIURA,TAMBO GRANDE
150101,INLUXURY,LIMA,LIMA
